t_s,V_volts,i_medido_A,w_medido_rad_s,i_verdadeiro_A,w_verdadeiro_rad_s
0.000000,12.000000,0.007324,0.000000,0.000000,0.000000
0.000200,12.000000,0.629883,0.000000,0.662722,0.012065
0.000400,12.000000,1.303711,0.000000,1.281464,0.047186
0.000600,12.000000,1.889648,0.000000,1.859086,0.103831
0.000800,12.000000,2.336426,0.000000,2.398260,0.180565
0.001000,12.000000,2.863770,0.000000,2.901487,0.276051
0.001200,12.000000,3.376465,0.000000,3.371104,0.389034
0.001400,12.000000,3.801270,0.000000,3.809296,0.518343
0.001600,12.000000,4.218750,0.000000,4.218107,0.662884
0.001800,12.000000,4.570312,0.000000,4.599448,0.821632
0.002000,12.000000,4.980469,0.000000,4.955104,0.993630
0.002200,12.000000,5.310059,0.000000,5.286747,1.177984
0.002400,12.000000,5.595703,0.000000,5.595938,1.373856
0.002600,12.000000,5.917969,0.000000,5.884138,1.580463
0.002800,12.000000,6.166992,15.339808,6.152711,1.797076
0.003000,12.000000,6.379395,0.000000,6.402935,2.023008
0.003200,12.000000,6.650391,0.000000,6.636004,2.257622
0.003400,12.000000,6.826172,0.000000,6.853032,2.500319
0.003600,12.000000,7.082520,0.000000,7.055065,2.750540
0.003800,12.000000,7.243652,0.000000,7.243078,3.007763
0.004000,12.000000,7.412109,15.339808,7.417983,3.271499
0.004200,12.000000,7.558594,0.000000,7.580633,3.541292
0.004400,12.000000,7.770996,0.000000,7.731826,3.816714
0.004600,12.000000,7.866211,0.000000,7.872308,4.097366
0.004800,12.000000,7.990723,15.339808,8.002777,4.382876
0.005000,12.000000,8.115234,0.000000,8.123883,4.672893
0.005200,12.000000,8.254395,0.000000,8.236237,4.967092
0.005400,12.000000,8.349609,15.339808,8.340409,5.265168
0.005600,12.000000,8.452148,0.000000,8.436932,5.566836
0.005800,12.000000,8.540039,0.000000,8.526304,5.871829
0.006000,12.000000,8.671875,15.339808,8.608991,6.179898
0.006200,12.000000,8.671875,0.000000,8.685429,6.490810
0.006400,12.000000,8.737793,0.000000,8.756025,6.804348
0.006600,12.000000,8.796387,15.339808,8.821160,7.120307
0.006800,12.000000,8.898926,0.000000,8.881190,7.438498
0.007000,12.000000,8.972168,15.339808,8.936449,7.758743
0.007200,12.000000,8.986816,0.000000,8.987247,8.080876
0.007400,12.000000,9.008789,15.339808,9.033876,8.404741
0.007600,12.000000,9.052734,15.339808,9.076607,8.730193
0.007800,12.000000,9.133301,0.000000,9.115696,9.057095
0.008000,12.000000,9.177246,15.339808,9.151381,9.385322
0.008200,12.000000,9.199219,0.000000,9.183883,9.714755
0.008400,12.000000,9.191895,15.339808,9.213411,10.045283
0.008600,12.000000,9.250488,15.339808,9.240159,10.376802
0.008800,12.000000,9.265137,0.000000,9.264310,10.709215
0.009000,12.000000,9.294434,15.339808,9.286033,11.042432
0.009200,12.000000,9.331055,15.339808,9.305487,11.376369
0.009400,12.000000,9.331055,15.339808,9.322821,11.710945
0.009600,12.000000,9.360352,0.000000,9.338174,12.046089
0.009800,12.000000,9.353027,15.339808,9.351676,12.381730
0.010000,12.000000,9.375000,15.339808,9.363449,12.717804
0.010200,12.000000,9.389648,15.339808,9.373605,13.054251
0.010400,12.000000,9.338379,15.339808,9.382252,13.391014
0.010600,12.000000,9.382324,0.000000,9.389489,13.728042
0.010800,12.000000,9.382324,15.339808,9.395408,14.065285
0.011000,12.000000,9.382324,15.339808,9.400097,14.402696
0.011200,12.000000,9.396973,15.339808,9.403636,14.740234
0.011400,12.000000,9.448242,15.339808,9.406101,15.077859
0.011600,12.000000,9.382324,15.339808,9.407564,15.415532
0.011800,12.000000,9.433594,15.339808,9.408091,15.753219
0.012000,12.000000,9.360352,15.339808,9.407744,16.090887
0.012200,12.000000,9.396973,15.339808,9.406580,16.428507
0.012400,12.000000,9.411621,15.339808,9.404655,16.766049
0.012600,12.000000,9.418945,30.679616,9.402019,17.103487
0.012800,12.000000,9.418945,15.339808,9.398718,17.440797
0.013000,12.000000,9.418945,15.339808,9.394799,17.777955
0.013200,12.000000,9.382324,15.339808,9.390301,18.114940
0.013400,12.000000,9.375000,15.339808,9.385265,18.451732
0.013600,12.000000,9.404297,15.339808,9.379725,18.788311
0.013800,12.000000,9.367676,30.679616,9.373716,19.124662
0.014000,12.000000,9.331055,15.339808,9.367270,19.460766
0.014200,12.000000,9.323730,15.339808,9.360416,19.796609
0.014400,12.000000,9.323730,15.339808,9.353182,20.132177
0.014600,12.000000,9.360352,30.679616,9.345594,20.467457
0.014800,12.000000,9.338379,15.339808,9.337676,20.802436
0.015000,12.000000,9.353027,15.339808,9.329450,21.137103
0.015200,12.000000,9.309082,30.679616,9.320939,21.471448
0.015400,12.000000,9.316406,15.339808,9.312161,21.805459
0.015600,12.000000,9.323730,30.679616,9.303135,22.139129
0.015800,12.000000,9.287109,15.339808,9.293878,22.472449
0.016000,12.000000,9.301758,30.679616,9.284407,22.805409
0.016200,12.000000,9.257812,15.339808,9.274736,23.138004
0.016400,12.000000,9.250488,30.679616,9.264881,23.470227
0.016600,12.000000,9.243164,15.339808,9.254853,23.802069
0.016800,12.000000,9.206543,30.679616,9.244666,24.133527
0.017000,12.000000,9.250488,15.339808,9.234330,24.464595
0.017200,12.000000,9.206543,30.679616,9.223857,24.795266
0.017400,12.000000,9.213867,30.679616,9.213257,25.125537
0.017600,12.000000,9.213867,15.339808,9.202539,25.455403
0.017800,12.000000,9.206543,30.679616,9.191713,25.784860
0.018000,12.000000,9.199219,30.679616,9.180785,26.113905
0.018200,12.000000,9.169922,15.339808,9.169765,26.442533
0.018400,12.000000,9.147949,30.679616,9.158658,26.770742
0.018600,12.000000,9.147949,30.679616,9.147473,27.098529
0.018800,12.000000,9.082031,30.679616,9.136214,27.425891
0.019000,12.000000,9.082031,15.339808,9.124889,27.752825
0.019200,12.000000,9.074707,30.679616,9.113502,28.079330
0.019400,12.000000,9.074707,30.679616,9.102060,28.405402
0.019600,12.000000,9.104004,30.679616,9.090565,28.731041
0.019800,12.000000,9.052734,30.679616,9.079024,29.056245
0.020000,12.000000,9.052734,30.679616,9.067440,29.381011
0.020200,12.000000,9.096680,30.679616,9.055817,29.705339
0.020400,12.000000,9.030762,30.679616,9.044159,30.029227
0.020600,12.000000,9.052734,30.679616,9.032469,30.352675
0.020800,12.000000,8.994141,30.679616,9.020750,30.675680
0.021000,12.000000,9.001465,30.679616,9.009006,30.998242
0.021200,12.000000,8.972168,30.679616,8.997239,31.320360
0.021400,12.000000,8.972168,30.679616,8.985452,31.642034
0.021600,12.000000,9.001465,30.679616,8.973648,31.963262
0.021800,12.000000,8.913574,30.679616,8.961827,32.284045
0.022000,12.000000,8.964844,30.679616,8.949994,32.604381
0.022200,12.000000,8.942871,30.679616,8.938149,32.924271
0.022400,12.000000,8.906250,30.679616,8.926295,33.243714
0.022600,12.000000,8.869629,30.679616,8.914433,33.562709
0.022800,12.000000,8.906250,46.019424,8.902565,33.881257
0.023000,12.000000,8.876953,30.679616,8.890692,34.199357
0.023200,12.000000,8.884277,30.679616,8.878817,34.517009
0.023400,12.000000,8.869629,30.679616,8.866939,34.834214
0.023600,12.000000,8.906250,46.019424,8.855061,35.150970
0.023800,12.000000,8.833008,30.679616,8.843183,35.467279
0.024000,12.000000,8.803711,30.679616,8.831307,35.783139
0.024200,12.000000,8.825684,46.019424,8.819434,36.098553
0.024400,12.000000,8.811035,30.679616,8.807564,36.413518
0.024600,12.000000,8.833008,30.679616,8.795699,36.728036
0.024800,12.000000,8.811035,46.019424,8.783839,37.042107
0.025000,12.000000,8.781738,30.679616,8.771985,37.355731
0.025200,12.000000,8.803711,46.019424,8.760137,37.668909
0.025400,12.000000,8.715820,30.679616,8.748297,37.981640
0.025600,12.000000,8.715820,46.019424,8.736465,38.293925
0.025800,12.000000,8.693848,30.679616,8.724642,38.605764
0.026000,12.000000,8.701172,46.019424,8.712828,38.917157
0.026200,12.000000,8.657227,30.679616,8.701023,39.228106
0.026400,12.000000,8.708496,46.019424,8.689229,39.538610
0.026600,12.000000,8.671875,30.679616,8.677445,39.848670
0.026800,12.000000,8.620605,46.019424,8.665672,40.158286
0.027000,12.000000,8.620605,30.679616,8.653910,40.467458
0.027200,12.000000,8.649902,46.019424,8.642160,40.776187
0.027400,12.000000,8.657227,46.019424,8.630422,41.084474
0.027600,12.000000,8.679199,30.679616,8.618697,41.392319
0.027800,12.000000,8.693848,46.019424,8.606983,41.699722
0.028000,12.000000,8.605957,46.019424,8.595283,42.006685
0.028200,12.000000,8.554688,46.019424,8.583596,42.313206
0.028400,12.000000,8.510742,30.679616,8.571922,42.619288
0.028600,12.000000,8.569336,46.019424,8.560262,42.924929
0.028800,12.000000,8.525391,46.019424,8.548615,43.230132
0.029000,12.000000,8.525391,46.019424,8.536983,43.534896
0.029200,12.000000,8.503418,46.019424,8.525364,43.839223
0.029400,12.000000,8.510742,46.019424,8.513760,44.143111
0.029600,12.000000,8.532715,30.679616,8.502170,44.446563
0.029800,12.000000,8.496094,46.019424,8.490594,44.749579
0.030000,12.000000,8.474121,46.019424,8.479033,45.052158
0.030200,12.000000,8.437500,46.019424,8.467487,45.354303
0.030400,12.000000,8.408203,46.019424,8.455956,45.656012
0.030600,12.000000,8.430176,46.019424,8.444439,45.957288
0.030800,12.000000,8.430176,46.019424,8.432938,46.258129
0.031000,12.000000,8.474121,46.019424,8.421452,46.558538
0.031200,12.000000,8.415527,46.019424,8.409981,46.858515
0.031400,12.000000,8.430176,46.019424,8.398525,47.158059
0.031600,12.000000,8.371582,46.019424,8.387084,47.457172
0.031800,12.000000,8.342285,61.359232,8.375659,47.755855
0.032000,12.000000,8.334961,46.019424,8.364250,48.054107
0.032200,12.000000,8.327637,46.019424,8.352855,48.351930
0.032400,12.000000,8.408203,46.019424,8.341477,48.649324
0.032600,12.000000,8.305664,46.019424,8.330114,48.946290
0.032800,12.000000,8.342285,46.019424,8.318766,49.242827
0.033000,12.000000,8.283691,61.359232,8.307434,49.538938
0.033200,12.000000,8.327637,46.019424,8.296118,49.834622
0.033400,12.000000,8.298340,46.019424,8.284817,50.129880
0.033600,12.000000,8.269043,46.019424,8.273532,50.424712
0.033800,12.000000,8.261719,61.359232,8.262263,50.719120
0.034000,12.000000,8.232422,46.019424,8.251009,51.013103
0.034200,12.000000,8.254395,46.019424,8.239771,51.306663
0.034400,12.000000,8.217773,61.359232,8.228549,51.599800
0.034600,12.000000,8.181152,46.019424,8.217343,51.892514
0.034800,12.000000,8.166504,46.019424,8.206152,52.184806
0.035000,12.000000,8.203125,61.359232,8.194977,52.476677
0.035200,12.000000,8.232422,46.019424,8.183818,52.768128
0.035400,12.000000,8.173828,61.359232,8.172674,53.059158
0.035600,12.000000,8.159180,46.019424,8.161547,53.349769
0.035800,12.000000,8.159180,61.359232,8.150435,53.639961
0.036000,12.000000,8.181152,46.019424,8.139339,53.929735
0.036200,12.000000,8.137207,61.359232,8.128258,54.219091
0.036400,12.000000,8.107910,46.019424,8.117194,54.508029
0.036600,12.000000,8.137207,61.359232,8.106145,54.796552
0.036800,12.000000,8.107910,46.019424,8.095112,55.084658
0.037000,12.000000,8.129883,61.359232,8.084094,55.372349
0.037200,12.000000,8.078613,61.359232,8.073092,55.659625
0.037400,12.000000,8.027344,46.019424,8.062106,55.946487
0.037600,12.000000,8.012695,61.359232,8.051136,56.232936
0.037800,12.000000,8.093262,61.359232,8.040181,56.518972
0.038000,12.000000,8.078613,46.019424,8.029242,56.804595
0.038200,12.000000,8.012695,61.359232,8.018319,57.089806
0.038400,12.000000,7.998047,61.359232,8.007411,57.374606
0.038600,12.000000,8.041992,46.019424,7.996519,57.658996
0.038800,12.000000,7.954102,61.359232,7.985642,57.942976
0.039000,12.000000,7.946777,61.359232,7.974781,58.226546
0.039200,12.000000,7.983398,61.359232,7.963935,58.509707
0.039400,12.000000,7.939453,61.359232,7.953106,58.792460
0.039600,12.000000,7.939453,46.019424,7.942291,59.074805
0.039800,12.000000,7.924805,61.359232,7.931492,59.356744
0.040000,12.000000,7.932129,61.359232,7.920709,59.638275
0.040200,12.000000,7.954102,61.359232,7.909941,59.919401
0.040400,12.000000,7.902832,61.359232,7.899189,60.200122
0.040600,12.000000,7.910156,61.359232,7.888452,60.480437
0.040800,12.000000,7.814941,61.359232,7.877730,60.760349
0.041000,12.000000,7.866211,61.359232,7.867024,61.039857
0.041200,12.000000,7.829590,61.359232,7.856333,61.318962
0.041400,12.000000,7.807617,61.359232,7.845658,61.597664
0.041600,12.000000,7.807617,61.359232,7.834998,61.875965
0.041800,12.000000,7.814941,61.359232,7.824353,62.153864
0.042000,12.000000,7.844238,61.359232,7.813724,62.431363
0.042200,12.000000,7.763672,61.359232,7.803110,62.708461
0.042400,12.000000,7.792969,61.359232,7.792511,62.985160
0.042600,12.000000,7.770996,61.359232,7.781928,63.261460
0.042800,12.000000,7.763672,61.359232,7.771359,63.537362
0.043000,12.000000,7.792969,76.699039,7.760806,63.812865
0.043200,12.000000,7.763672,61.359232,7.750268,64.087972
0.043400,12.000000,7.778320,61.359232,7.739745,64.362682
0.043600,12.000000,7.727051,61.359232,7.729238,64.636995
0.043800,12.000000,7.697754,61.359232,7.718745,64.910913
0.044000,12.000000,7.705078,76.699039,7.708268,65.184437
0.044200,12.000000,7.705078,61.359232,7.697806,65.457565
0.044400,12.000000,7.690430,61.359232,7.687359,65.730300
0.044600,12.000000,7.646484,61.359232,7.676927,66.002642
0.044800,12.000000,7.668457,76.699039,7.666509,66.274591
0.045000,12.000000,7.661133,61.359232,7.656107,66.546148
0.045200,12.000000,7.719727,61.359232,7.645720,66.817313
0.045400,12.000000,7.690430,76.699039,7.635348,67.088087
0.045600,12.000000,7.602539,61.359232,7.624991,67.358471
0.045800,12.000000,7.602539,76.699039,7.614649,67.628465
0.046000,12.000000,7.558594,61.359232,7.604321,67.898069
0.046200,12.000000,7.573242,61.359232,7.594009,68.167285
0.046400,12.000000,7.595215,76.699039,7.583711,68.436113
0.046600,12.000000,7.609863,61.359232,7.573428,68.704553
0.046800,12.000000,7.543945,76.699039,7.563160,68.972605
0.047000,12.000000,7.536621,61.359232,7.552907,69.240272
0.047200,12.000000,7.478027,76.699039,7.542669,69.507552
0.047400,12.000000,7.529297,61.359232,7.532445,69.774447
0.047600,12.000000,7.492676,76.699039,7.522236,70.040957
0.047800,12.000000,7.492676,76.699039,7.512042,70.307083
0.048000,12.000000,7.478027,61.359232,7.501863,70.572825
0.048200,12.000000,7.485352,76.699039,7.491698,70.838184
0.048400,12.000000,7.426758,61.359232,7.481548,71.103160
0.048600,12.000000,7.426758,76.699039,7.471412,71.367755
0.048800,12.000000,7.521973,76.699039,7.461291,71.631967
0.049000,12.000000,7.412109,61.359232,7.451185,71.895799
0.049200,12.000000,7.404785,76.699039,7.441093,72.159250
0.049400,12.000000,7.485352,76.699039,7.431016,72.422321
0.049600,12.000000,7.507324,61.359232,7.420953,72.685013
0.049800,12.000000,7.375488,76.699039,7.410905,72.947326
0.050000,12.000000,7.390137,76.699039,7.400872,73.209261
0.050200,12.000000,7.397461,76.699039,7.390852,73.470819
0.050400,12.000000,7.434082,76.699039,7.380848,73.731999
0.050600,12.000000,7.338867,61.359232,7.370857,73.992802
0.050800,12.000000,7.353516,76.699039,7.360881,74.253229
0.051000,12.000000,7.375488,76.699039,7.350920,74.513281
0.051200,12.000000,7.353516,76.699039,7.340973,74.772958
0.051400,12.000000,7.316895,76.699039,7.331040,75.032261
0.051600,12.000000,7.316895,76.699039,7.321121,75.291189
0.051800,12.000000,7.272949,76.699039,7.311217,75.549744
0.052000,12.000000,7.294922,76.699039,7.301327,75.807927
0.052200,12.000000,7.280273,61.359232,7.291451,76.065737
0.052400,12.000000,7.287598,76.699039,7.281590,76.323175
0.052600,12.000000,7.258301,76.699039,7.271743,76.580242
0.052800,12.000000,7.272949,76.699039,7.261910,76.836938
0.053000,12.000000,7.280273,76.699039,7.252091,77.093264
0.053200,12.000000,7.243652,92.038847,7.242286,77.349221
0.053400,12.000000,7.243652,76.699039,7.232496,77.604808
0.053600,12.000000,7.221680,76.699039,7.222719,77.860027
0.053800,12.000000,7.214355,76.699039,7.212957,78.114878
0.054000,12.000000,7.185059,76.699039,7.203209,78.369362
0.054200,12.000000,7.199707,76.699039,7.193474,78.623478
0.054400,12.000000,7.177734,76.699039,7.183754,78.877228
0.054600,12.000000,7.236328,76.699039,7.174048,79.130612
0.054800,12.000000,7.214355,76.699039,7.164356,79.383631
0.055000,12.000000,7.163086,92.038847,7.154678,79.636285
0.055200,12.000000,7.119141,76.699039,7.145013,79.888575
0.055400,12.000000,7.104492,76.699039,7.135363,80.140501
0.055600,12.000000,7.163086,76.699039,7.125727,80.392063
0.055800,12.000000,7.126465,76.699039,7.116104,80.643263
0.056000,12.000000,7.119141,92.038847,7.106496,80.894100
0.056200,12.000000,7.045898,76.699039,7.096901,81.144576
0.056400,12.000000,7.111816,76.699039,7.087320,81.394691
0.056600,12.000000,7.089844,92.038847,7.077753,81.644445
0.056800,12.000000,7.031250,76.699039,7.068200,81.893839
0.057000,12.000000,7.045898,76.699039,7.058660,82.142873
0.057200,12.000000,7.060547,92.038847,7.049134,82.391548
0.057400,12.000000,7.038574,76.699039,7.039622,82.639865
0.057600,12.000000,7.023926,76.699039,7.030124,82.887823
0.057800,12.000000,7.016602,92.038847,7.020639,83.135424
0.058000,12.000000,7.001953,76.699039,7.011168,83.382668
0.058200,12.000000,7.009277,92.038847,7.001711,83.629556
0.058400,12.000000,7.038574,76.699039,6.992267,83.876087
0.058600,12.000000,6.906738,92.038847,6.982837,84.122263
0.058800,12.000000,6.965332,76.699039,6.973421,84.368084
0.059000,12.000000,6.972656,92.038847,6.964018,84.613550
0.059200,12.000000,6.965332,76.699039,6.954629,84.858663
0.059400,12.000000,6.936035,92.038847,6.945253,85.103422
0.059600,12.000000,6.884766,76.699039,6.935891,85.347828
0.059800,12.000000,6.936035,92.038847,6.926542,85.591882
0.060000,12.000000,6.972656,76.699039,6.917207,85.835583
0.060200,12.000000,6.862793,92.038847,6.907885,86.078934
0.060400,12.000000,6.921387,92.038847,6.898577,86.321933
0.060600,12.000000,6.877441,76.699039,6.889282,86.564582
0.060800,12.000000,6.877441,92.038847,6.880000,86.806881
0.061000,12.000000,6.840820,92.038847,6.870732,87.048831
0.061200,12.000000,6.848145,76.699039,6.861477,87.290432
0.061400,12.000000,6.892090,92.038847,6.852236,87.531684
0.061600,12.000000,6.862793,92.038847,6.843008,87.772589
0.061800,12.000000,6.884766,76.699039,6.833793,88.013146
0.062000,12.000000,6.862793,92.038847,6.824591,88.253357
0.062200,12.000000,6.826172,92.038847,6.815403,88.493220
0.062400,12.000000,6.855469,92.038847,6.806228,88.732739
0.062600,12.000000,6.811523,92.038847,6.797066,88.971911
0.062800,12.000000,6.811523,76.699039,6.787918,89.210739
0.063000,12.000000,6.767578,92.038847,6.778782,89.449223
0.063200,12.000000,6.774902,92.038847,6.769660,89.687362
0.063400,12.000000,6.738281,92.038847,6.760551,89.925158
0.063600,12.000000,6.782227,92.038847,6.751455,90.162611
0.063800,12.000000,6.708984,92.038847,6.742372,90.399722
0.064000,12.000000,6.760254,76.699039,6.733303,90.636491
0.064200,12.000000,6.716309,92.038847,6.724246,90.872919
0.064400,12.000000,6.752930,92.038847,6.715202,91.109005
0.064600,12.000000,6.730957,92.038847,6.706172,91.344752
0.064800,12.000000,6.752930,92.038847,6.697154,91.580158
0.065000,12.000000,6.708984,92.038847,6.688150,91.815225
0.065200,12.000000,6.628418,92.038847,6.679158,92.049952
0.065400,12.000000,6.665039,92.038847,6.670180,92.284342
0.065600,12.000000,6.628418,92.038847,6.661214,92.518393
0.065800,12.000000,6.635742,92.038847,6.652262,92.752107
0.066000,12.000000,6.687012,92.038847,6.643322,92.985484
0.066200,12.000000,6.650391,92.038847,6.634395,93.218524
0.066400,12.000000,6.606445,92.038847,6.625481,93.451229
0.066600,12.000000,6.584473,107.378655,6.616580,93.683597
0.066800,12.000000,6.606445,92.038847,6.607692,93.915631
0.067000,12.000000,6.562500,92.038847,6.598816,94.147330
0.067200,12.000000,6.569824,92.038847,6.589953,94.378695
0.067400,12.000000,6.591797,92.038847,6.581103,94.609726
0.067600,12.000000,6.606445,92.038847,6.572266,94.840425
0.067800,12.000000,6.584473,107.378655,6.563442,95.070790
0.068000,12.000000,6.489258,92.038847,6.554630,95.300823
0.068200,12.000000,6.555176,92.038847,6.545831,95.530525
0.068400,12.000000,6.540527,92.038847,6.537045,95.759896
0.068600,12.000000,6.540527,92.038847,6.528271,95.988935
0.068800,12.000000,6.569824,107.378655,6.519510,96.217645
0.069000,12.000000,6.445312,92.038847,6.510762,96.446024
0.069200,12.000000,6.481934,92.038847,6.502026,96.674075
0.069400,12.000000,6.511230,107.378655,6.493303,96.901796
0.069600,12.000000,6.437988,92.038847,6.484593,97.129189
0.069800,12.000000,6.518555,92.038847,6.475895,97.356254
0.070000,12.000000,6.474609,107.378655,6.467209,97.582992
0.070200,12.000000,6.481934,92.038847,6.458536,97.809403
0.070400,12.000000,6.430664,92.038847,6.449876,98.035487
0.070600,12.000000,6.467285,107.378655,6.441228,98.261246
0.070800,12.000000,6.467285,92.038847,6.432592,98.486678
0.071000,12.000000,6.430664,107.378655,6.423969,98.711786
0.071200,12.000000,6.423340,92.038847,6.415359,98.936569
0.071400,12.000000,6.416016,92.038847,6.406761,99.161028
0.071600,12.000000,6.372070,107.378655,6.398175,99.385164
0.071800,12.000000,6.386719,92.038847,6.389602,99.608976
0.072000,12.000000,6.379395,107.378655,6.381041,99.832465
0.072200,12.000000,6.386719,92.038847,6.372492,100.055632
0.072400,12.000000,6.394043,107.378655,6.363956,100.278478
0.072600,12.000000,6.320801,107.378655,6.355432,100.501002
0.072800,12.000000,6.342773,92.038847,6.346920,100.723205
0.073000,12.000000,6.379395,107.378655,6.338420,100.945087
0.073200,12.000000,6.306152,92.038847,6.329933,101.166650
0.073400,12.000000,6.298828,107.378655,6.321458,101.387893
0.073600,12.000000,6.320801,92.038847,6.312995,101.608818
0.073800,12.000000,6.328125,107.378655,6.304545,101.829423
0.074000,12.000000,6.298828,107.378655,6.296107,102.049711
0.074200,12.000000,6.328125,92.038847,6.287680,102.269681
0.074400,12.000000,6.306152,107.378655,6.279266,102.489333
0.074600,12.000000,6.298828,107.378655,6.270864,102.708669
0.074800,12.000000,6.276855,92.038847,6.262475,102.927689
0.075000,12.000000,6.320801,107.378655,6.254097,103.146393
0.075200,12.000000,6.240234,107.378655,6.245731,103.364781
0.075400,12.000000,6.174316,107.378655,6.237378,103.582855
0.075600,12.000000,6.276855,92.038847,6.229036,103.800614
0.075800,12.000000,6.203613,107.378655,6.220707,104.018059
0.076000,12.000000,6.218262,107.378655,6.212389,104.235191
0.076200,12.000000,6.240234,107.378655,6.204084,104.452009
0.076400,12.000000,6.145020,107.378655,6.195790,104.668515
0.076600,12.000000,6.152344,92.038847,6.187509,104.884709
0.076800,12.000000,6.130371,107.378655,6.179239,105.100591
0.077000,12.000000,6.145020,107.378655,6.170981,105.316161
0.077200,12.000000,6.174316,107.378655,6.162736,105.531421
0.077400,12.000000,6.166992,107.378655,6.154502,105.746370
0.077600,12.000000,6.152344,107.378655,6.146280,105.961010
0.077800,12.000000,6.093750,107.378655,6.138070,106.175340
0.078000,12.000000,6.057129,107.378655,6.129871,106.389361
0.078200,12.000000,6.123047,107.378655,6.121685,106.603073
0.078400,12.000000,6.101074,107.378655,6.113510,106.816477
0.078600,12.000000,6.115723,92.038847,6.105347,107.029573
0.078800,12.000000,6.115723,107.378655,6.097196,107.242362
0.079000,12.000000,6.093750,107.378655,6.089057,107.454844
0.079200,12.000000,6.101074,107.378655,6.080929,107.667020
0.079400,12.000000,6.079102,122.718463,6.072813,107.878890
0.079600,12.000000,6.079102,107.378655,6.064709,108.090454
0.079800,12.000000,6.035156,107.378655,6.056617,108.301714
0.080000,12.000000,6.042480,107.378655,6.048536,108.512668
0.080200,12.000000,6.049805,107.378655,6.040467,108.723319
0.080400,12.000000,6.057129,107.378655,6.032409,108.933666
0.080600,12.000000,6.013184,107.378655,6.024363,109.143709
0.080800,12.000000,6.035156,107.378655,6.016329,109.353449
0.081000,12.000000,5.998535,107.378655,6.008306,109.562887
0.081200,12.000000,5.998535,107.378655,6.000295,109.772024
0.081400,12.000000,6.020508,122.718463,5.992295,109.980858
0.081600,12.000000,5.925293,107.378655,5.984307,110.189391
0.081800,12.000000,5.939941,107.378655,5.976330,110.397624
0.082000,12.000000,5.925293,107.378655,5.968365,110.605556
0.082200,12.000000,5.888672,107.378655,5.960412,110.813189
0.082400,12.000000,5.932617,122.718463,5.952470,111.020522
0.082600,12.000000,5.969238,107.378655,5.944539,111.227556
0.082800,12.000000,5.925293,107.378655,5.936620,111.434292
0.083000,12.000000,5.932617,107.378655,5.928712,111.640729
0.083200,12.000000,5.954590,122.718463,5.920815,111.846869
0.083400,12.000000,5.954590,107.378655,5.912930,112.052712
0.083600,12.000000,5.903320,107.378655,5.905057,112.258258
0.083800,12.000000,5.939941,122.718463,5.897194,112.463507
0.084000,12.000000,5.888672,107.378655,5.889343,112.668461
0.084200,12.000000,5.859375,107.378655,5.881504,112.873118
0.084400,12.000000,5.859375,122.718463,5.873675,113.077481
0.084600,12.000000,5.822754,107.378655,5.865858,113.281549
0.084800,12.000000,5.830078,107.378655,5.858053,113.485323
0.085000,12.000000,5.837402,122.718463,5.850258,113.688803
0.085200,12.000000,5.866699,107.378655,5.842475,113.891990
0.085400,12.000000,5.888672,122.718463,5.834703,114.094883
0.085600,12.000000,5.786133,107.378655,5.826942,114.297484
0.085800,12.000000,5.830078,122.718463,5.819192,114.499793
0.086000,12.000000,5.778809,107.378655,5.811454,114.701810
0.086200,12.000000,5.815430,107.378655,5.803726,114.903536
0.086400,12.000000,5.793457,122.718463,5.796010,115.104971
0.086600,12.000000,5.734863,107.378655,5.788305,115.306116
0.086800,12.000000,5.808105,122.718463,5.780611,115.506970
0.087000,12.000000,5.756836,122.718463,5.772928,115.707535
0.087200,12.000000,5.749512,107.378655,5.765257,115.907810
0.087400,12.000000,5.727539,122.718463,5.757596,116.107797
0.087600,12.000000,5.727539,107.378655,5.749946,116.307496
0.087800,12.000000,5.756836,122.718463,5.742308,116.506906
0.088000,12.000000,5.727539,107.378655,5.734680,116.706029
0.088200,12.000000,5.734863,122.718463,5.727063,116.904865
0.088400,12.000000,5.727539,122.718463,5.719458,117.103414
0.088600,12.000000,5.749512,107.378655,5.711863,117.301677
0.088800,12.000000,5.690918,122.718463,5.704279,117.499654
0.089000,12.000000,5.654297,122.718463,5.696706,117.697345
0.089200,12.000000,5.720215,107.378655,5.689145,117.894751
0.089400,12.000000,5.668945,122.718463,5.681594,118.091873
0.089600,12.000000,5.705566,122.718463,5.674054,118.288710
0.089800,12.000000,5.676270,107.378655,5.666524,118.485264
0.090000,12.000000,5.654297,122.718463,5.659006,118.681534
0.090200,12.000000,5.661621,122.718463,5.651498,118.877521
0.090400,12.000000,5.705566,122.718463,5.644002,119.073226
0.090600,12.000000,5.698242,107.378655,5.636516,119.268648
0.090800,12.000000,5.632324,122.718463,5.629041,119.463789
0.091000,12.000000,5.625000,122.718463,5.621577,119.658648
0.091200,12.000000,5.646973,122.718463,5.614123,119.853226
0.091400,12.000000,5.581055,122.718463,5.606680,120.047524
0.091600,12.000000,5.610352,107.378655,5.599248,120.241541
0.091800,12.000000,5.588379,122.718463,5.591827,120.435279
0.092000,12.000000,5.595703,122.718463,5.584416,120.628737
0.092200,12.000000,5.551758,122.718463,5.577016,120.821916
0.092400,12.000000,5.522461,122.718463,5.569627,121.014817
0.092600,12.000000,5.500488,122.718463,5.562248,121.207440
0.092800,12.000000,5.522461,122.718463,5.554880,121.399785
0.093000,12.000000,5.537109,122.718463,5.547523,121.591852
0.093200,12.000000,5.529785,122.718463,5.540176,121.783643
0.093400,12.000000,5.588379,122.718463,5.532840,121.975157
0.093600,12.000000,5.559082,107.378655,5.525514,122.166394
0.093800,12.000000,5.485840,122.718463,5.518199,122.357356
0.094000,12.000000,5.522461,122.718463,5.510895,122.548043
0.094200,12.000000,5.493164,122.718463,5.503601,122.738455
0.094400,12.000000,5.485840,122.718463,5.496318,122.928592
0.094600,12.000000,5.493164,122.718463,5.489045,123.118455
0.094800,12.000000,5.500488,122.718463,5.481782,123.308044
0.095000,12.000000,5.463867,138.058271,5.474530,123.497360
0.095200,12.000000,5.500488,122.718463,5.467289,123.686403
0.095400,12.000000,5.427246,122.718463,5.460058,123.875173
0.095600,12.000000,5.456543,122.718463,5.452837,124.063671
0.095800,12.000000,5.522461,122.718463,5.445627,124.251897
0.096000,12.000000,5.441895,122.718463,5.438427,124.439852
0.096200,12.000000,5.471191,122.718463,5.431238,124.627536
0.096400,12.000000,5.427246,122.718463,5.424059,124.814949
0.096600,12.000000,5.434570,122.718463,5.416890,125.002092
0.096800,12.000000,5.405273,122.718463,5.409732,125.188965
0.097000,12.000000,5.397949,138.058271,5.402583,125.375569
0.097200,12.000000,5.368652,122.718463,5.395446,125.561903
0.097400,12.000000,5.397949,122.718463,5.388318,125.747969
0.097600,12.000000,5.354004,122.718463,5.381201,125.933766
0.097800,12.000000,5.390625,122.718463,5.374094,126.119296
0.098000,12.000000,5.397949,138.058271,5.366998,126.304558
0.098200,12.000000,5.368652,122.718463,5.359911,126.489553
0.098400,12.000000,5.346680,122.718463,5.352835,126.674281
0.098600,12.000000,5.361328,122.718463,5.345769,126.858743
0.098800,12.000000,5.332031,138.058271,5.338713,127.042939
0.099000,12.000000,5.361328,122.718463,5.331667,127.226869
0.099200,12.000000,5.266113,122.718463,5.324632,127.410534
0.099400,12.000000,5.310059,138.058271,5.317607,127.593934
0.099600,12.000000,5.251465,122.718463,5.310591,127.777070
0.099800,12.000000,5.258789,122.718463,5.303586,127.959941
0.100000,12.000000,5.339355,138.058271,5.296591,128.142549
0.100200,12.000000,5.317383,122.718463,5.289606,128.324894
0.100400,12.000000,5.258789,122.718463,5.282631,128.506975
0.100600,12.000000,5.229492,138.058271,5.275667,128.688794
0.100800,12.000000,5.178223,122.718463,5.268712,128.870351
0.101000,12.000000,5.244141,138.058271,5.261767,129.051646
0.101200,12.000000,5.324707,122.718463,5.254833,129.232680
0.101400,12.000000,5.258789,122.718463,5.247908,129.413453
0.101600,12.000000,5.222168,138.058271,5.240993,129.593965
0.101800,12.000000,5.251465,122.718463,5.234088,129.774216
0.102000,12.000000,5.178223,138.058271,5.227194,129.954208
0.102200,12.000000,5.214844,122.718463,5.220309,130.133940
0.102400,12.000000,5.214844,138.058271,5.213434,130.313413
0.102600,12.000000,5.207520,122.718463,5.206569,130.492627
0.102800,12.000000,5.222168,138.058271,5.199714,130.671583
0.103000,12.000000,5.200195,122.718463,5.192869,130.850281
0.103200,12.000000,5.207520,138.058271,5.186033,131.028721
0.103400,12.000000,5.156250,122.718463,5.179208,131.206904
0.103600,12.000000,5.200195,138.058271,5.172392,131.384830
0.103800,12.000000,5.214844,122.718463,5.165586,131.562499
0.104000,12.000000,5.126953,138.058271,5.158790,131.739912
0.104200,12.000000,5.126953,138.058271,5.152004,131.917069
0.104400,12.000000,5.185547,122.718463,5.145228,132.093971
0.104600,12.000000,5.134277,138.058271,5.138461,132.270618
0.104800,12.000000,5.170898,122.718463,5.131704,132.447010
0.105000,12.000000,5.112305,138.058271,5.124957,132.623147
0.105200,12.000000,5.163574,138.058271,5.118219,132.799031
0.105400,12.000000,5.112305,122.718463,5.111492,132.974661
0.105600,12.000000,5.112305,138.058271,5.104774,133.150038
0.105800,12.000000,5.141602,138.058271,5.098065,133.325162
0.106000,12.000000,5.083008,122.718463,5.091367,133.500033
0.106200,12.000000,5.053711,138.058271,5.084678,133.674652
0.106400,12.000000,5.061035,138.058271,5.077999,133.849019
0.106600,12.000000,5.083008,138.058271,5.071329,134.023135
0.106800,12.000000,5.017090,122.718463,5.064669,134.197000
0.107000,12.000000,5.075684,138.058271,5.058018,134.370614
0.107200,12.000000,5.031738,138.058271,5.051377,134.543978
0.107400,12.000000,5.075684,138.058271,5.044746,134.717092
0.107600,12.000000,4.965820,122.718463,5.038124,134.889956
0.107800,12.000000,5.009766,138.058271,5.031512,135.062571
0.108000,12.000000,4.973145,138.058271,5.024909,135.234937
0.108200,12.000000,4.995117,138.058271,5.018316,135.407055
0.108400,12.000000,5.017090,138.058271,5.011733,135.578924
0.108600,12.000000,5.002441,138.058271,5.005158,135.750546
0.108800,12.000000,4.987793,122.718463,4.998594,135.921920
0.109000,12.000000,4.987793,138.058271,4.992039,136.093046
0.109200,12.000000,4.995117,138.058271,4.985493,136.263927
0.109400,12.000000,4.951172,138.058271,4.978956,136.434560
0.109600,12.000000,4.995117,138.058271,4.972430,136.604948
0.109800,12.000000,4.987793,138.058271,4.965912,136.775090
0.110000,12.000000,4.973145,138.058271,4.959404,136.944986
0.110200,12.000000,4.973145,138.058271,4.952905,137.114638
0.110400,12.000000,4.958496,138.058271,4.946416,137.284045
0.110600,12.000000,5.002441,138.058271,4.939936,137.453208
0.110800,12.000000,4.929199,138.058271,4.933465,137.622127
0.111000,12.000000,4.914551,138.058271,4.927004,137.790802
0.111200,12.000000,4.899902,138.058271,4.920552,137.959234
0.111400,12.000000,4.885254,138.058271,4.914109,138.127423
0.111600,12.000000,4.870605,138.058271,4.907676,138.295370
0.111800,12.000000,4.877930,138.058271,4.901252,138.463074
0.112000,12.000000,4.892578,138.058271,4.894837,138.630536
0.112200,12.000000,4.899902,138.058271,4.888432,138.797758
0.112400,12.000000,4.885254,138.058271,4.882035,138.964738
0.112600,12.000000,4.855957,138.058271,4.875648,139.131477
0.112800,12.000000,4.899902,138.058271,4.869270,139.297976
0.113000,12.000000,4.885254,138.058271,4.862901,139.464234
0.113200,12.000000,4.848633,138.058271,4.856542,139.630253
0.113400,12.000000,4.833984,138.058271,4.850192,139.796033
0.113600,12.000000,4.863281,138.058271,4.843850,139.961573
0.113800,12.000000,4.841309,138.058271,4.837518,140.126875
0.114000,12.000000,4.790039,153.398079,4.831195,140.291938
0.114200,12.000000,4.819336,138.058271,4.824881,140.456764
0.114400,12.000000,4.826660,138.058271,4.818577,140.621351
0.114600,12.000000,4.782715,138.058271,4.812281,140.785702
0.114800,12.000000,4.812012,138.058271,4.805995,140.949815
0.115000,12.000000,4.753418,138.058271,4.799717,141.113692
0.115200,12.000000,4.833984,153.398079,4.793449,141.277332
0.115400,12.000000,4.826660,138.058271,4.787189,141.440737
0.115600,12.000000,4.775391,138.058271,4.780939,141.603906
0.115800,12.000000,4.782715,138.058271,4.774698,141.766839
0.116000,12.000000,4.694824,153.398079,4.768465,141.929538
0.116200,12.000000,4.724121,138.058271,4.762242,142.092002
0.116400,12.000000,4.746094,138.058271,4.756027,142.254232
0.116600,12.000000,4.716797,138.058271,4.749822,142.416227
0.116800,12.000000,4.768066,153.398079,4.743626,142.577990
0.117000,12.000000,4.797363,138.058271,4.737438,142.739519
0.117200,12.000000,4.694824,138.058271,4.731259,142.900815
0.117400,12.000000,4.702148,153.398079,4.725090,143.061878
0.117600,12.000000,4.724121,138.058271,4.718929,143.222709
0.117800,12.000000,4.760742,138.058271,4.712777,143.383309
0.118000,12.000000,4.672852,153.398079,4.706634,143.543676
0.118200,12.000000,4.709473,138.058271,4.700500,143.703813
0.118400,12.000000,4.746094,138.058271,4.694374,143.863718
0.118600,12.000000,4.636230,153.398079,4.688258,144.023393
0.118800,12.000000,4.643555,138.058271,4.682150,144.182838
0.119000,12.000000,4.665527,138.058271,4.676051,144.342053
0.119200,12.000000,4.650879,153.398079,4.669961,144.501038
0.119400,12.000000,4.687500,138.058271,4.663880,144.659794
0.119600,12.000000,4.665527,153.398079,4.657807,144.818321
0.119800,12.000000,4.599609,138.058271,4.651743,144.976619
0.120000,12.000000,4.658203,153.398079,4.645688,145.134690
0.120200,12.000000,4.621582,138.058271,4.639642,145.292532
0.120400,12.000000,4.672852,153.398079,4.633604,145.450147
0.120600,12.000000,4.606934,138.058271,4.627575,145.607534
0.120800,12.000000,4.599609,153.398079,4.621555,145.764694
0.121000,12.000000,4.628906,138.058271,4.615544,145.921628
0.121200,12.000000,4.628906,153.398079,4.609541,146.078336
0.121400,12.000000,4.614258,138.058271,4.603547,146.234817
0.121600,12.000000,4.548340,153.398079,4.597561,146.391073
0.121800,12.000000,4.606934,138.058271,4.591584,146.547104
0.122000,12.000000,4.555664,153.398079,4.585616,146.702909
0.122200,12.000000,4.584961,138.058271,4.579656,146.858490
0.122400,12.000000,4.533691,153.398079,4.573705,147.013847
0.122600,12.000000,4.577637,153.398079,4.567763,147.168979
0.122800,12.000000,4.541016,138.058271,4.561829,147.323888
0.123000,12.000000,4.519043,153.398079,4.555903,147.478573
0.123200,12.000000,4.570312,138.058271,4.549986,147.633036
0.123400,12.000000,4.548340,153.398079,4.544078,147.787276
0.123600,12.000000,4.519043,153.398079,4.538178,147.941293
0.123800,12.000000,4.577637,138.058271,4.532287,148.095088
0.124000,12.000000,4.511719,153.398079,4.526404,148.248661
0.124200,12.000000,4.519043,153.398079,4.520530,148.402013
0.124400,12.000000,4.526367,138.058271,4.514664,148.555144
0.124600,12.000000,4.489746,153.398079,4.508807,148.708054
0.124800,12.000000,4.519043,153.398079,4.502958,148.860744
0.125000,12.000000,4.482422,138.058271,4.497117,149.013213
0.125200,12.000000,4.482422,153.398079,4.491285,149.165463
0.125400,12.000000,4.526367,153.398079,4.485461,149.317493
0.125600,12.000000,4.445801,153.398079,4.479646,149.469303
0.125800,12.000000,4.401855,138.058271,4.473839,149.620895
0.126000,12.000000,4.519043,153.398079,4.468041,149.772268
0.126200,12.000000,4.541016,153.398079,4.462251,149.923423
0.126400,12.000000,4.445801,153.398079,4.456469,150.074360
0.126600,12.000000,4.394531,138.058271,4.450695,150.225080
0.126800,12.000000,4.438477,153.398079,4.444930,150.375582
0.127000,12.000000,4.431152,153.398079,4.439173,150.525867
0.127200,12.000000,4.431152,153.398079,4.433425,150.675935
0.127400,12.000000,4.394531,153.398079,4.427684,150.825787
0.127600,12.000000,4.438477,138.058271,4.421953,150.975423
0.127800,12.000000,4.431152,153.398079,4.416229,151.124843
0.128000,12.000000,4.365234,153.398079,4.410513,151.274047
0.128200,12.000000,4.423828,153.398079,4.404806,151.423037
0.128400,12.000000,4.460449,153.398079,4.399107,151.571811
0.128600,12.000000,4.401855,153.398079,4.393416,151.720371
0.128800,12.000000,4.379883,153.398079,4.387734,151.868717
0.129000,12.000000,4.379883,153.398079,4.382060,152.016849
0.129200,12.000000,4.394531,153.398079,4.376393,152.164767
0.129400,12.000000,4.321289,138.058271,4.370735,152.312472
0.129600,12.000000,4.372559,153.398079,4.365086,152.459964
0.129800,12.000000,4.350586,153.398079,4.359444,152.607244
0.130000,12.000000,4.409180,153.398079,4.353810,152.754311
0.130200,12.000000,4.343262,153.398079,4.348185,152.901166
0.130400,12.000000,4.394531,153.398079,4.342567,153.047809
0.130600,12.000000,4.306641,153.398079,4.336958,153.194240
0.130800,12.000000,4.350586,153.398079,4.331357,153.340461
0.131000,12.000000,4.335938,153.398079,4.325764,153.486471
0.131200,12.000000,4.291992,153.398079,4.320179,153.632270
0.131400,12.000000,4.321289,153.398079,4.314602,153.777859
0.131600,12.000000,4.343262,153.398079,4.309033,153.923238
0.131800,12.000000,4.291992,153.398079,4.303472,154.068407
0.132000,12.000000,4.248047,153.398079,4.297919,154.213367
0.132200,12.000000,4.291992,153.398079,4.292375,154.358118
0.132400,12.000000,4.262695,153.398079,4.286838,154.502660
0.132600,12.000000,4.270020,168.737887,4.281309,154.646994
0.132800,12.000000,4.270020,153.398079,4.275788,154.791120
0.133000,12.000000,4.218750,153.398079,4.270275,154.935038
0.133200,12.000000,4.218750,153.398079,4.264770,155.078748
0.133400,12.000000,4.277344,153.398079,4.259273,155.222251
0.133600,12.000000,4.240723,153.398079,4.253784,155.365547
0.133800,12.000000,4.174805,153.398079,4.248303,155.508637
0.134000,12.000000,4.270020,153.398079,4.242829,155.651520
0.134200,12.000000,4.248047,168.737887,4.237364,155.794197
0.134400,12.000000,4.211426,153.398079,4.231906,155.936669
0.134600,12.000000,4.189453,153.398079,4.226457,156.078935
0.134800,12.000000,4.248047,153.398079,4.221015,156.220996
0.135000,12.000000,4.226074,153.398079,4.215581,156.362852
0.135200,12.000000,4.284668,153.398079,4.210155,156.504503
0.135400,12.000000,4.218750,168.737887,4.204737,156.645950
0.135600,12.000000,4.211426,153.398079,4.199326,156.787194
0.135800,12.000000,4.189453,153.398079,4.193923,156.928233
0.136000,12.000000,4.211426,153.398079,4.188529,157.069069
0.136200,12.000000,4.204102,168.737887,4.183141,157.209703
0.136400,12.000000,4.218750,153.398079,4.177762,157.350133
0.136600,12.000000,4.160156,153.398079,4.172391,157.490361
0.136800,12.000000,4.152832,153.398079,4.167027,157.630386
0.137000,12.000000,4.145508,168.737887,4.161671,157.770210
0.137200,12.000000,4.182129,153.398079,4.156322,157.909832
0.137400,12.000000,4.196777,153.398079,4.150982,158.049253
0.137600,12.000000,4.130859,168.737887,4.145649,158.188473
0.137800,12.000000,4.130859,153.398079,4.140323,158.327492
0.138000,12.000000,4.145508,153.398079,4.135006,158.466310
0.138200,12.000000,4.123535,153.398079,4.129696,158.604928
0.138400,12.000000,4.152832,168.737887,4.124394,158.743347
0.138600,12.000000,4.050293,153.398079,4.119099,158.881566
0.138800,12.000000,4.086914,168.737887,4.113812,159.019585
0.139000,12.000000,4.086914,153.398079,4.108533,159.157406
0.139200,12.000000,4.035645,153.398079,4.103261,159.295027
0.139400,12.000000,4.072266,168.737887,4.097997,159.432451
0.139600,12.000000,4.064941,153.398079,4.092740,159.569676
0.139800,12.000000,4.079590,153.398079,4.087491,159.706703
0.140000,12.000000,4.116211,168.737887,4.082250,159.843533
0.140200,12.000000,4.072266,153.398079,4.077016,159.980165
0.140400,12.000000,4.042969,168.737887,4.071790,160.116601
0.140600,12.000000,4.064941,153.398079,4.066571,160.252839
0.140800,12.000000,4.094238,168.737887,4.061359,160.388882
0.141000,12.000000,4.028320,153.398079,4.056156,160.524728
0.141200,12.000000,4.020996,168.737887,4.050960,160.660378
0.141400,12.000000,4.064941,153.398079,4.045771,160.795832
0.141600,12.000000,4.035645,168.737887,4.040590,160.931091
0.141800,12.000000,4.057617,153.398079,4.035416,161.066156
0.142000,12.000000,4.028320,168.737887,4.030249,161.201025
0.142200,12.000000,4.042969,153.398079,4.025091,161.335700
0.142400,12.000000,3.991699,168.737887,4.019939,161.470181
0.142600,12.000000,4.013672,153.398079,4.014795,161.604467
0.142800,12.000000,4.006348,168.737887,4.009659,161.738561
0.143000,12.000000,3.969727,153.398079,4.004529,161.872460
0.143200,12.000000,3.955078,168.737887,3.999408,162.006167
0.143400,12.000000,4.013672,153.398079,3.994293,162.139681
0.143600,12.000000,3.977051,168.737887,3.989186,162.273002
0.143800,12.000000,3.955078,153.398079,3.984086,162.406132
0.144000,12.000000,3.977051,168.737887,3.978994,162.539069
0.144200,12.000000,4.006348,168.737887,3.973909,162.671814
0.144400,12.000000,3.903809,153.398079,3.968832,162.804368
0.144600,12.000000,3.918457,168.737887,3.963761,162.936731
0.144800,12.000000,3.933105,168.737887,3.958698,163.068903
0.145000,12.000000,3.999023,153.398079,3.953643,163.200885
0.145200,12.000000,3.955078,168.737887,3.948594,163.332676
0.145400,12.000000,3.969727,153.398079,3.943553,163.464277
0.145600,12.000000,3.903809,168.737887,3.938519,163.595688
0.145800,12.000000,3.896484,168.737887,3.933493,163.726910
0.146000,12.000000,3.940430,153.398079,3.928473,163.857943
0.146200,12.000000,3.925781,168.737887,3.923461,163.988787
0.146400,12.000000,3.933105,168.737887,3.918456,164.119442
0.146600,12.000000,3.911133,168.737887,3.913459,164.249908
0.146800,12.000000,3.918457,153.398079,3.908468,164.380187
0.147000,12.000000,3.911133,168.737887,3.903485,164.510277
0.147200,12.000000,3.918457,168.737887,3.898509,164.640180
0.147400,12.000000,3.918457,153.398079,3.893540,164.769896
0.147600,12.000000,3.837891,168.737887,3.888578,164.899425
0.147800,12.000000,3.815918,168.737887,3.883624,165.028767
0.148000,12.000000,3.911133,168.737887,3.878676,165.157922
0.148200,12.000000,3.911133,153.398079,3.873736,165.286891
0.148400,12.000000,3.837891,168.737887,3.868803,165.415675
0.148600,12.000000,3.808594,168.737887,3.863877,165.544272
0.148800,12.000000,3.859863,168.737887,3.858958,165.672684
0.149000,12.000000,3.881836,168.737887,3.854046,165.800911
0.149200,12.000000,3.903809,153.398079,3.849141,165.928953
0.149400,12.000000,3.859863,168.737887,3.844243,166.056810
0.149600,12.000000,3.830566,168.737887,3.839352,166.184483
0.149800,12.000000,3.808594,168.737887,3.834469,166.311972
0.150000,12.000000,3.830566,168.737887,3.829592,166.439277
0.150200,12.000000,3.815918,168.737887,3.824723,166.566399
0.150400,12.000000,3.786621,168.737887,3.819860,166.693337
0.150600,12.000000,3.874512,153.398079,3.815005,166.820092
0.150800,12.000000,3.867188,168.737887,3.810156,166.946664
0.151000,12.000000,3.837891,168.737887,3.805315,167.073054
0.151200,12.000000,3.771973,168.737887,3.800480,167.199262
0.151400,12.000000,3.823242,168.737887,3.795653,167.325287
0.151600,12.000000,3.808594,168.737887,3.790832,167.451131
0.151800,12.000000,3.801270,168.737887,3.786018,167.576794
0.152000,12.000000,3.815918,168.737887,3.781212,167.702275
0.152200,12.000000,3.793945,168.737887,3.776412,167.827575
0.152400,12.000000,3.793945,168.737887,3.771619,167.952695
0.152600,12.000000,3.786621,168.737887,3.766833,168.077634
0.152800,12.000000,3.771973,153.398079,3.762054,168.202393
0.153000,12.000000,3.706055,168.737887,3.757282,168.326972
0.153200,12.000000,3.757324,168.737887,3.752517,168.451371
0.153400,12.000000,3.728027,168.737887,3.747758,168.575591
0.153600,12.000000,3.706055,168.737887,3.743007,168.699632
0.153800,12.000000,3.786621,168.737887,3.738262,168.823494
0.154000,12.000000,3.786621,168.737887,3.733524,168.947178
0.154200,12.000000,3.771973,168.737887,3.728793,169.070683
0.154400,12.000000,3.735352,168.737887,3.724069,169.194010
0.154600,12.000000,3.757324,184.077695,3.719352,169.317159
0.154800,12.000000,3.713379,168.737887,3.714641,169.440131
0.155000,12.000000,3.713379,168.737887,3.709938,169.562925
0.155200,12.000000,3.669434,168.737887,3.705241,169.685542
0.155400,12.000000,3.713379,168.737887,3.700550,169.807983
0.155600,12.000000,3.698730,168.737887,3.695867,169.930247
0.155800,12.000000,3.654785,168.737887,3.691190,170.052334
0.156000,12.000000,3.684082,168.737887,3.686520,170.174246
0.156200,12.000000,3.676758,168.737887,3.681857,170.295981
0.156400,12.000000,3.728027,168.737887,3.677200,170.417542
0.156600,12.000000,3.698730,168.737887,3.672551,170.538926
0.156800,12.000000,3.669434,168.737887,3.667908,170.660136
0.157000,12.000000,3.669434,184.077695,3.663271,170.781171
0.157200,12.000000,3.662109,168.737887,3.658642,170.902032
0.157400,12.000000,3.647461,168.737887,3.654019,171.022718
0.157600,12.000000,3.618164,168.737887,3.649402,171.143230
0.157800,12.000000,3.640137,168.737887,3.644792,171.263569
0.158000,12.000000,3.618164,168.737887,3.640189,171.383734
0.158200,12.000000,3.596191,168.737887,3.635593,171.503726
0.158400,12.000000,3.647461,184.077695,3.631003,171.623544
0.158600,12.000000,3.640137,168.737887,3.626420,171.743190
0.158800,12.000000,3.566895,168.737887,3.621843,171.862663
0.159000,12.000000,3.610840,168.737887,3.617274,171.981964
0.159200,12.000000,3.640137,168.737887,3.612710,172.101093
0.159400,12.000000,3.640137,184.077695,3.608153,172.220051
0.159600,12.000000,3.632812,168.737887,3.603603,172.338836
0.159800,12.000000,3.603516,168.737887,3.599059,172.457451
0.160000,12.000000,3.566895,168.737887,3.594522,172.575894
0.160200,12.000000,3.559570,184.077695,3.589992,172.694167
0.160400,12.000000,3.596191,168.737887,3.585468,172.812269
0.160600,12.000000,3.588867,168.737887,3.580950,172.930201
0.160800,12.000000,3.618164,168.737887,3.576439,173.047962
0.161000,12.000000,3.603516,184.077695,3.571935,173.165554
0.161200,12.000000,3.566895,168.737887,3.567437,173.282976
0.161400,12.000000,3.522949,168.737887,3.562945,173.400229
0.161600,12.000000,3.552246,184.077695,3.558460,173.517313
0.161800,12.000000,3.559570,168.737887,3.553982,173.634228
0.162000,12.000000,3.544922,168.737887,3.549510,173.750975
0.162200,12.000000,3.530273,184.077695,3.545044,173.867553
0.162400,12.000000,3.544922,168.737887,3.540585,173.983963
0.162600,12.000000,3.522949,168.737887,3.536132,174.100205
0.162800,12.000000,3.515625,184.077695,3.531686,174.216280
0.163000,12.000000,3.537598,168.737887,3.527246,174.332187
0.163200,12.000000,3.508301,168.737887,3.522812,174.447927
0.163400,12.000000,3.522949,184.077695,3.518385,174.563500
0.163600,12.000000,3.522949,168.737887,3.513964,174.678907
0.163800,12.000000,3.479004,184.077695,3.509550,174.794147
0.164000,12.000000,3.493652,168.737887,3.505142,174.909221
0.164200,12.000000,3.544922,168.737887,3.500740,175.024129
0.164400,12.000000,3.464355,184.077695,3.496345,175.138871
0.164600,12.000000,3.427734,168.737887,3.491956,175.253448
0.164800,12.000000,3.435059,184.077695,3.487573,175.367860
0.165000,12.000000,3.486328,168.737887,3.483197,175.482106
0.165200,12.000000,3.479004,168.737887,3.478827,175.596188
0.165400,12.000000,3.471680,184.077695,3.474463,175.710105
0.165600,12.000000,3.508301,168.737887,3.470105,175.823859
0.165800,12.000000,3.383789,184.077695,3.465754,175.937448
0.166000,12.000000,3.471680,168.737887,3.461409,176.050873
0.166200,12.000000,3.500977,184.077695,3.457071,176.164135
0.166400,12.000000,3.420410,168.737887,3.452738,176.277233
0.166600,12.000000,3.435059,184.077695,3.448412,176.390169
0.166800,12.000000,3.420410,168.737887,3.444092,176.502941
0.167000,12.000000,3.413086,184.077695,3.439779,176.615551
0.167200,12.000000,3.427734,168.737887,3.435471,176.727998
0.167400,12.000000,3.471680,184.077695,3.431170,176.840284
0.167600,12.000000,3.479004,168.737887,3.426875,176.952407
0.167800,12.000000,3.413086,184.077695,3.422586,177.064369
0.168000,12.000000,3.479004,168.737887,3.418304,177.176169
0.168200,12.000000,3.413086,184.077695,3.414027,177.287808
0.168400,12.000000,3.464355,184.077695,3.409757,177.399286
0.168600,12.000000,3.405762,168.737887,3.405493,177.510604
0.168800,12.000000,3.405762,184.077695,3.401235,177.621761
0.169000,12.000000,3.405762,168.737887,3.396983,177.732757
0.169200,12.000000,3.486328,184.077695,3.392737,177.843594
0.169400,12.000000,3.413086,184.077695,3.388498,177.954270
0.169600,12.000000,3.361816,168.737887,3.384264,178.064787
0.169800,12.000000,3.405762,184.077695,3.380037,178.175145
0.170000,12.000000,3.361816,168.737887,3.375816,178.285344
0.170200,12.000000,3.354492,184.077695,3.371600,178.395383
0.170400,12.000000,3.391113,184.077695,3.367391,178.505264
0.170600,12.000000,3.361816,168.737887,3.363188,178.614987
0.170800,12.000000,3.369141,184.077695,3.358991,178.724551
0.171000,12.000000,3.354492,184.077695,3.354800,178.833958
0.171200,12.000000,3.361816,168.737887,3.350615,178.943206
0.171400,12.000000,3.361816,184.077695,3.346437,179.052297
0.171600,12.000000,3.281250,184.077695,3.342264,179.161231
0.171800,12.000000,3.354492,168.737887,3.338097,179.270008
0.172000,12.000000,3.303223,184.077695,3.333936,179.378628
0.172200,12.000000,3.288574,184.077695,3.329781,179.487091
0.172400,12.000000,3.325195,168.737887,3.325632,179.595398
0.172600,12.000000,3.325195,184.077695,3.321490,179.703548
0.172800,12.000000,3.295898,184.077695,3.317353,179.811543
0.173000,12.000000,3.339844,168.737887,3.313222,179.919382
0.173200,12.000000,3.266602,184.077695,3.309097,180.027065
0.173400,12.000000,3.295898,184.077695,3.304978,180.134593
0.173600,12.000000,3.281250,184.077695,3.300865,180.241966
0.173800,12.000000,3.295898,168.737887,3.296758,180.349185
0.174000,12.000000,3.303223,184.077695,3.292657,180.456248
0.174200,12.000000,3.259277,184.077695,3.288561,180.563158
0.174400,12.000000,3.303223,184.077695,3.284472,180.669913
0.174600,12.000000,3.281250,184.077695,3.280388,180.776514
0.174800,12.000000,3.222656,168.737887,3.276311,180.882961
0.175000,12.000000,3.215332,184.077695,3.272239,180.989255
0.175200,12.000000,3.266602,184.077695,3.268173,181.095396
0.175400,12.000000,3.259277,184.077695,3.264113,181.201384
0.175600,12.000000,3.259277,184.077695,3.260059,181.307219
0.175800,12.000000,3.251953,168.737887,3.256011,181.412901
0.176000,12.000000,3.259277,184.077695,3.251969,181.518431
0.176200,12.000000,3.273926,184.077695,3.247932,181.623808
0.176400,12.000000,3.208008,184.077695,3.243901,181.729034
0.176600,12.000000,3.208008,184.077695,3.239876,181.834108
0.176800,12.000000,3.200684,184.077695,3.235857,181.939030
0.177000,12.000000,3.237305,168.737887,3.231844,182.043801
0.177200,12.000000,3.266602,184.077695,3.227836,182.148422
0.177400,12.000000,3.208008,184.077695,3.223834,182.252891
0.177600,12.000000,3.142090,184.077695,3.219838,182.357209
0.177800,12.000000,3.164062,184.077695,3.215848,182.461377
0.178000,12.000000,3.186035,184.077695,3.211863,182.565395
0.178200,12.000000,3.193359,184.077695,3.207885,182.669263
0.178400,12.000000,3.193359,184.077695,3.203912,182.772981
0.178600,12.000000,3.200684,184.077695,3.199944,182.876550
0.178800,12.000000,3.186035,184.077695,3.195983,182.979969
0.179000,12.000000,3.222656,168.737887,3.192027,183.083239
0.179200,12.000000,3.171387,184.077695,3.188077,183.186361
0.179400,12.000000,3.156738,184.077695,3.184132,183.289333
0.179600,12.000000,3.193359,184.077695,3.180193,183.392157
0.179800,12.000000,3.127441,184.077695,3.176260,183.494833
0.180000,12.000000,3.186035,184.077695,3.172333,183.597361
0.180200,12.000000,3.171387,184.077695,3.168411,183.699741
0.180400,12.000000,3.156738,184.077695,3.164495,183.801973
0.180600,12.000000,3.208008,184.077695,3.160584,183.904058
0.180800,12.000000,3.134766,184.077695,3.156680,184.005995
0.181000,12.000000,3.215332,184.077695,3.152780,184.107786
0.181200,12.000000,3.142090,184.077695,3.148887,184.209430
0.181400,12.000000,3.105469,184.077695,3.144999,184.310927
0.181600,12.000000,3.142090,184.077695,3.141116,184.412278
0.181800,12.000000,3.105469,184.077695,3.137240,184.513483
0.182000,12.000000,3.112793,184.077695,3.133369,184.614541
0.182200,12.000000,3.142090,184.077695,3.129503,184.715455
0.182400,12.000000,3.142090,184.077695,3.125643,184.816222
0.182600,12.000000,3.105469,184.077695,3.121789,184.916844
0.182800,12.000000,3.149414,184.077695,3.117940,185.017322
0.183000,12.000000,3.149414,184.077695,3.114096,185.117654
0.183200,12.000000,3.156738,199.417502,3.110258,185.217842
0.183400,12.000000,3.120117,184.077695,3.106426,185.317885
0.183600,12.000000,3.142090,184.077695,3.102599,185.417784
0.183800,12.000000,3.039551,184.077695,3.098778,185.517539
0.184000,12.000000,3.083496,184.077695,3.094963,185.617150
0.184200,12.000000,3.061523,184.077695,3.091152,185.716617
0.184400,12.000000,3.090820,184.077695,3.087348,185.815941
0.184600,12.000000,3.068848,184.077695,3.083548,185.915122
0.184800,12.000000,3.076172,184.077695,3.079755,186.014159
0.185000,12.000000,3.134766,199.417502,3.075966,186.113054
0.185200,12.000000,3.068848,184.077695,3.072184,186.211806
0.185400,12.000000,3.083496,184.077695,3.068406,186.310416
0.185600,12.000000,3.054199,184.077695,3.064634,186.408884
0.185800,12.000000,3.061523,184.077695,3.060868,186.507210
0.186000,12.000000,3.054199,184.077695,3.057107,186.605394
0.186200,12.000000,3.068848,184.077695,3.053351,186.703436
0.186400,12.000000,3.083496,199.417502,3.049601,186.801337
0.186600,12.000000,3.098145,184.077695,3.045856,186.899097
0.186800,12.000000,3.054199,184.077695,3.042117,186.996716
0.187000,12.000000,3.054199,184.077695,3.038383,187.094194
0.187200,12.000000,3.002930,184.077695,3.034654,187.191531
0.187400,12.000000,3.024902,199.417502,3.030931,187.288728
0.187600,12.000000,3.054199,184.077695,3.027213,187.385785
0.187800,12.000000,3.046875,184.077695,3.023500,187.482702
0.188000,12.000000,3.024902,184.077695,3.019793,187.579480
0.188200,12.000000,3.039551,184.077695,3.016091,187.676117
0.188400,12.000000,3.024902,199.417502,3.012395,187.772616
0.188600,12.000000,3.046875,184.077695,3.008704,187.868975
0.188800,12.000000,3.010254,184.077695,3.005018,187.965195
0.189000,12.000000,2.988281,184.077695,3.001338,188.061277
0.189200,12.000000,3.010254,199.417502,2.997662,188.157220
0.189400,12.000000,2.907715,184.077695,2.993992,188.253024
0.189600,12.000000,3.002930,184.077695,2.990328,188.348691
0.189800,12.000000,2.878418,199.417502,2.986668,188.444219
0.190000,12.000000,2.929688,184.077695,2.983014,188.539610
0.190200,12.000000,2.995605,184.077695,2.979366,188.634863
0.190400,12.000000,2.988281,184.077695,2.975722,188.729979
0.190600,12.000000,2.937012,199.417502,2.972084,188.824958
0.190800,12.000000,2.944336,184.077695,2.968451,188.919800
0.191000,12.000000,3.002930,184.077695,2.964823,189.014505
0.191200,12.000000,2.944336,199.417502,2.961200,189.109073
0.191400,12.000000,3.024902,184.077695,2.957583,189.203505
0.191600,12.000000,2.951660,184.077695,2.953971,189.297801
0.191800,12.000000,2.958984,199.417502,2.950364,189.391961
0.192000,12.000000,2.995605,184.077695,2.946762,189.485985
0.192200,12.000000,2.944336,184.077695,2.943166,189.579874
0.192400,12.000000,2.907715,199.417502,2.939575,189.673627
0.192600,12.000000,2.929688,184.077695,2.935988,189.767245
0.192800,12.000000,2.929688,184.077695,2.932408,189.860728
0.193000,12.000000,2.885742,199.417502,2.928832,189.954076
0.193200,12.000000,2.915039,184.077695,2.925261,190.047290
0.193400,12.000000,2.900391,199.417502,2.921696,190.140369
0.193600,12.000000,2.944336,184.077695,2.918135,190.233314
0.193800,12.000000,2.915039,184.077695,2.914580,190.326125
0.194000,12.000000,2.900391,199.417502,2.911030,190.418802
0.194200,12.000000,2.907715,184.077695,2.907485,190.511346
0.194400,12.000000,2.907715,199.417502,2.903945,190.603756
0.194600,12.000000,2.922363,184.077695,2.900410,190.696033
0.194800,12.000000,2.863770,199.417502,2.896881,190.788176
0.195000,12.000000,2.863770,184.077695,2.893356,190.880187
0.195200,12.000000,2.922363,184.077695,2.889837,190.972065
0.195400,12.000000,2.871094,199.417502,2.886322,191.063811
0.195600,12.000000,2.841797,184.077695,2.882813,191.155424
0.195800,12.000000,2.893066,199.417502,2.879308,191.246906
0.196000,12.000000,2.893066,184.077695,2.875809,191.338255
0.196200,12.000000,2.827148,199.417502,2.872315,191.429473
0.196400,12.000000,2.878418,184.077695,2.868826,191.520559
0.196600,12.000000,2.885742,199.417502,2.865342,191.611514
0.196800,12.000000,2.871094,184.077695,2.861863,191.702337
0.197000,12.000000,2.878418,199.417502,2.858389,191.793030
0.197200,12.000000,2.812500,184.077695,2.854919,191.883592
0.197400,12.000000,2.863770,199.417502,2.851455,191.974023
0.197600,12.000000,2.841797,184.077695,2.847996,192.064324
0.197800,12.000000,2.827148,199.417502,2.844542,192.154495
0.198000,12.000000,2.863770,184.077695,2.841093,192.244535
0.198200,12.000000,2.878418,199.417502,2.837649,192.334446
0.198400,12.000000,2.885742,184.077695,2.834210,192.424227
0.198600,12.000000,2.871094,199.417502,2.830776,192.513879
0.198800,12.000000,2.827148,184.077695,2.827346,192.603401
0.199000,12.000000,2.834473,199.417502,2.823922,192.692795
0.199200,12.000000,2.841797,199.417502,2.820503,192.782059
0.199400,12.000000,2.819824,184.077695,2.817088,192.871195
0.199600,12.000000,2.819824,199.417502,2.813679,192.960202
0.199800,12.000000,2.834473,184.077695,2.810274,193.049081
0.200000,12.000000,2.805176,199.417502,2.806874,193.137832
0.200200,12.000000,2.783203,199.417502,2.803480,193.226454
0.200400,12.000000,2.790527,184.077695,2.800090,193.314949
0.200600,12.000000,2.812500,199.417502,2.796705,193.403317
0.200800,12.000000,2.790527,184.077695,2.793325,193.491556
0.201000,12.000000,2.797852,199.417502,2.789949,193.579669
0.201200,12.000000,2.805176,199.417502,2.786579,193.667655
0.201400,12.000000,2.768555,184.077695,2.783213,193.755513
0.201600,12.000000,2.805176,199.417502,2.779853,193.843245
0.201800,12.000000,2.790527,184.077695,2.776497,193.930851
0.202000,12.000000,2.739258,199.417502,2.773146,194.018330
0.202200,12.000000,2.812500,199.417502,2.769800,194.105683
0.202400,12.000000,2.753906,184.077695,2.766458,194.192910
0.202600,12.000000,2.709961,199.417502,2.763122,194.280011
0.202800,12.000000,2.731934,199.417502,2.759790,194.366987
0.203000,12.000000,2.724609,184.077695,2.756463,194.453837
0.203200,12.000000,2.753906,199.417502,2.753141,194.540562
0.203400,12.000000,2.739258,199.417502,2.749824,194.627162
0.203600,12.000000,2.739258,184.077695,2.746511,194.713638
0.203800,12.000000,2.761230,199.417502,2.743204,194.799988
0.204000,12.000000,2.746582,199.417502,2.739901,194.886214
0.204200,12.000000,2.746582,199.417502,2.736602,194.972315
0.204400,12.000000,2.746582,184.077695,2.733309,195.058293
0.204600,12.000000,2.746582,199.417502,2.730020,195.144146
0.204800,12.000000,2.666016,199.417502,2.726736,195.229876
0.205000,12.000000,2.709961,184.077695,2.723457,195.315482
0.205200,12.000000,2.651367,199.417502,2.720183,195.400965
0.205400,12.000000,2.717285,199.417502,2.716913,195.486324
0.205600,12.000000,2.709961,199.417502,2.713648,195.571560
0.205800,12.000000,2.739258,184.077695,2.710387,195.656673
0.206000,12.000000,2.739258,199.417502,2.707132,195.741664
0.206200,12.000000,2.709961,199.417502,2.703881,195.826532
0.206400,12.000000,2.687988,199.417502,2.700634,195.911278
0.206600,12.000000,2.709961,199.417502,2.697393,195.995901
0.206800,12.000000,2.680664,184.077695,2.694156,196.080403
0.207000,12.000000,2.687988,199.417502,2.690924,196.164782
0.207200,12.000000,2.717285,199.417502,2.687696,196.249040
0.207400,12.000000,2.666016,199.417502,2.684473,196.333176
0.207600,12.000000,2.702637,184.077695,2.681255,196.417191
0.207800,12.000000,2.695312,199.417502,2.678041,196.501085
0.208000,12.000000,2.644043,199.417502,2.674832,196.584858
0.208200,12.000000,2.702637,199.417502,2.671628,196.668511
0.208400,12.000000,2.687988,199.417502,2.668428,196.752042
0.208600,12.000000,2.666016,199.417502,2.665233,196.835453
0.208800,12.000000,2.636719,184.077695,2.662042,196.918744
0.209000,12.000000,2.636719,199.417502,2.658856,197.001915
0.209200,12.000000,2.636719,199.417502,2.655675,197.084965
0.209400,12.000000,2.666016,199.417502,2.652498,197.167896
0.209600,12.000000,2.622070,199.417502,2.649326,197.250708
0.209800,12.000000,2.658691,199.417502,2.646158,197.333400
0.210000,12.000000,2.607422,199.417502,2.642995,197.415973
0.210200,12.000000,2.636719,184.077695,2.639837,197.498426
0.210400,12.000000,2.636719,199.417502,2.636683,197.580761
0.210600,12.000000,2.709961,199.417502,2.633534,197.662977
0.210800,12.000000,2.585449,199.417502,2.630389,197.745075
0.211000,12.000000,2.673340,199.417502,2.627249,197.827054
0.211200,12.000000,2.629395,199.417502,2.624113,197.908915
0.211400,12.000000,2.636719,199.417502,2.620981,197.990658
0.211600,12.000000,2.622070,199.417502,2.617855,198.072283
0.211800,12.000000,2.629395,199.417502,2.614733,198.153790
0.212000,12.000000,2.607422,184.077695,2.611615,198.235180
0.212200,12.000000,2.651367,199.417502,2.608502,198.316452
0.212400,12.000000,2.592773,199.417502,2.605393,198.397608
0.212600,12.000000,2.636719,199.417502,2.602289,198.478646
0.212800,12.000000,2.578125,199.417502,2.599189,198.559567
0.213000,12.000000,2.592773,199.417502,2.596093,198.640372
0.213200,12.000000,2.563477,199.417502,2.593003,198.721060
0.213400,12.000000,2.600098,199.417502,2.589916,198.801632
0.213600,12.000000,2.629395,199.417502,2.586834,198.882087
0.213800,12.000000,2.578125,199.417502,2.583757,198.962427
0.214000,12.000000,2.578125,199.417502,2.580684,199.042651
0.214200,12.000000,2.541504,199.417502,2.577615,199.122759
0.214400,12.000000,2.570801,199.417502,2.574551,199.202751
0.214600,12.000000,2.526855,199.417502,2.571491,199.282629
0.214800,12.000000,2.541504,199.417502,2.568436,199.362391
0.215000,12.000000,2.570801,199.417502,2.565385,199.442038
0.215200,12.000000,2.600098,199.417502,2.562338,199.521570
0.215400,12.000000,2.644043,199.417502,2.559296,199.600987
0.215600,12.000000,2.541504,199.417502,2.556258,199.680290
0.215800,12.000000,2.592773,199.417502,2.553225,199.759479
0.216000,12.000000,2.556152,199.417502,2.550196,199.838553
0.216200,12.000000,2.541504,199.417502,2.547171,199.917514
0.216400,12.000000,2.556152,199.417502,2.544151,199.996360
0.216600,12.000000,2.541504,199.417502,2.541135,200.075093
0.216800,12.000000,2.541504,199.417502,2.538123,200.153712
0.217000,12.000000,2.519531,199.417502,2.535116,200.232218
0.217200,12.000000,2.490234,199.417502,2.532113,200.310611
0.217400,12.000000,2.482910,199.417502,2.529115,200.388891
0.217600,12.000000,2.548828,199.417502,2.526120,200.467058
0.217800,12.000000,2.512207,199.417502,2.523130,200.545112
0.218000,12.000000,2.504883,214.757310,2.520145,200.623053
0.218200,12.000000,2.519531,199.417502,2.517163,200.700882
0.218400,12.000000,2.541504,199.417502,2.514186,200.778599
0.218600,12.000000,2.519531,199.417502,2.511214,200.856204
0.218800,12.000000,2.490234,199.417502,2.508245,200.933697
0.219000,12.000000,2.541504,199.417502,2.505281,201.011078
0.219200,12.000000,2.548828,199.417502,2.502321,201.088348
0.219400,12.000000,2.512207,199.417502,2.499365,201.165506
0.219600,12.000000,2.526855,199.417502,2.496414,201.242553
0.219800,12.000000,2.534180,199.417502,2.493467,201.319489
0.220000,12.000000,2.526855,214.757310,2.490524,201.396314
0.220200,12.000000,2.504883,199.417502,2.487585,201.473028
0.220400,12.000000,2.504883,199.417502,2.484651,201.549632
0.220600,12.000000,2.497559,199.417502,2.481721,201.626125
0.220800,12.000000,2.446289,199.417502,2.478795,201.702507
0.221000,12.000000,2.497559,199.417502,2.475873,201.778780
0.221200,12.000000,2.431641,199.417502,2.472956,201.854943
0.221400,12.000000,2.446289,214.757310,2.470042,201.930995
0.221600,12.000000,2.504883,199.417502,2.467133,202.006939
0.221800,12.000000,2.490234,199.417502,2.464228,202.082772
0.222000,12.000000,2.504883,199.417502,2.461328,202.158497
0.222200,12.000000,2.453613,199.417502,2.458431,202.234112
0.222400,12.000000,2.424316,199.417502,2.455539,202.309618
0.222600,12.000000,2.446289,214.757310,2.452651,202.385015
0.222800,12.000000,2.453613,199.417502,2.449767,202.460303
0.223000,12.000000,2.446289,199.417502,2.446887,202.535483
0.223200,12.000000,2.475586,199.417502,2.444011,202.610555
0.223400,12.000000,2.431641,199.417502,2.441140,202.685518
0.223600,12.000000,2.446289,214.757310,2.438272,202.760373
0.223800,12.000000,2.402344,199.417502,2.435409,202.835120
0.224000,12.000000,2.446289,199.417502,2.432550,202.909760
0.224200,12.000000,2.431641,199.417502,2.429695,202.984291
0.224400,12.000000,2.402344,214.757310,2.426844,203.058716
0.224600,12.000000,2.416992,199.417502,2.423997,203.133033
0.224800,12.000000,2.416992,199.417502,2.421154,203.207243
0.225000,12.000000,2.409668,199.417502,2.418316,203.281345
0.225200,12.000000,2.468262,214.757310,2.415481,203.355341
0.225400,12.000000,2.409668,199.417502,2.412651,203.429231
0.225600,12.000000,2.402344,199.417502,2.409825,203.503013
0.225800,12.000000,2.343750,199.417502,2.407002,203.576690
0.226000,12.000000,2.380371,214.757310,2.404184,203.650260
0.226200,12.000000,2.395020,199.417502,2.401370,203.723724
0.226400,12.000000,2.380371,199.417502,2.398560,203.797082
0.226600,12.000000,2.438965,214.757310,2.395754,203.870334
0.226800,12.000000,2.387695,199.417502,2.392952,203.943481
0.227000,12.000000,2.431641,199.417502,2.390154,204.016522
0.227200,12.000000,2.387695,199.417502,2.387360,204.089458
0.227400,12.000000,2.387695,214.757310,2.384570,204.162288
0.227600,12.000000,2.380371,199.417502,2.381784,204.235014
0.227800,12.000000,2.380371,199.417502,2.379003,204.307635
0.228000,12.000000,2.424316,214.757310,2.376225,204.380151
0.228200,12.000000,2.307129,199.417502,2.373451,204.452562
0.228400,12.000000,2.307129,199.417502,2.370681,204.524869
0.228600,12.000000,2.351074,214.757310,2.367915,204.597072
0.228800,12.000000,2.365723,199.417502,2.365154,204.669171
0.229000,12.000000,2.380371,199.417502,2.362396,204.741166
0.229200,12.000000,2.373047,214.757310,2.359642,204.813057
0.229400,12.000000,2.343750,199.417502,2.356892,204.884844
0.229600,12.000000,2.387695,199.417502,2.354146,204.956528
0.229800,12.000000,2.380371,214.757310,2.351404,205.028108
0.230000,12.000000,2.351074,199.417502,2.348666,205.099585
0.230200,12.000000,2.373047,199.417502,2.345932,205.170959
0.230400,12.000000,2.351074,214.757310,2.343202,205.242231
0.230600,12.000000,2.321777,199.417502,2.340476,205.313399
0.230800,12.000000,2.358398,214.757310,2.337753,205.384465
0.231000,12.000000,2.336426,199.417502,2.335035,205.455428
0.231200,12.000000,2.329102,199.417502,2.332321,205.526289
0.231400,12.000000,2.373047,214.757310,2.329610,205.597048
0.231600,12.000000,2.255859,199.417502,2.326904,205.667705
0.231800,12.000000,2.285156,214.757310,2.324201,205.738259
0.232000,12.000000,2.285156,199.417502,2.321502,205.808713
0.232200,12.000000,2.307129,199.417502,2.318807,205.879064
0.232400,12.000000,2.307129,214.757310,2.316116,205.949314
0.232600,12.000000,2.270508,199.417502,2.313429,206.019463
0.232800,12.000000,2.277832,214.757310,2.310746,206.089511
0.233000,12.000000,2.285156,199.417502,2.308067,206.159457
0.233200,12.000000,2.380371,214.757310,2.305391,206.229303
0.233400,12.000000,2.358398,199.417502,2.302719,206.299048
0.233600,12.000000,2.285156,214.757310,2.300052,206.368693
0.233800,12.000000,2.285156,199.417502,2.297388,206.438237
0.234000,12.000000,2.263184,199.417502,2.294727,206.507681
0.234200,12.000000,2.233887,214.757310,2.292071,206.577024
0.234400,12.000000,2.285156,199.417502,2.289419,206.646268
0.234600,12.000000,2.255859,214.757310,2.286770,206.715412
0.234800,12.000000,2.285156,199.417502,2.284125,206.784456
0.235000,12.000000,2.233887,214.757310,2.281484,206.853400
0.235200,12.000000,2.255859,199.417502,2.278847,206.922245
0.235400,12.000000,2.277832,214.757310,2.276214,206.990991
0.235600,12.000000,2.285156,199.417502,2.273584,207.059638
0.235800,12.000000,2.285156,214.757310,2.270958,207.128186
0.236000,12.000000,2.226562,199.417502,2.268336,207.196635
0.236200,12.000000,2.292480,214.757310,2.265718,207.264985
0.236400,12.000000,2.241211,199.417502,2.263104,207.333237
0.236600,12.000000,2.277832,214.757310,2.260493,207.401390
0.236800,12.000000,2.255859,199.417502,2.257886,207.469445
0.237000,12.000000,2.211914,214.757310,2.255283,207.537401
0.237200,12.000000,2.241211,199.417502,2.252683,207.605260
0.237400,12.000000,2.263184,214.757310,2.250088,207.673021
0.237600,12.000000,2.263184,199.417502,2.247496,207.740685
0.237800,12.000000,2.241211,214.757310,2.244908,207.808250
0.238000,12.000000,2.285156,214.757310,2.242323,207.875718
0.238200,12.000000,2.270508,199.417502,2.239743,207.943089
0.238400,12.000000,2.226562,214.757310,2.237166,208.010363
0.238600,12.000000,2.255859,199.417502,2.234592,208.077540
0.238800,12.000000,2.292480,214.757310,2.232023,208.144620
0.239000,12.000000,2.285156,199.417502,2.229457,208.211603
0.239200,12.000000,2.189941,214.757310,2.226895,208.278490
0.239400,12.000000,2.197266,214.757310,2.224336,208.345280
0.239600,12.000000,2.263184,199.417502,2.221781,208.411974
0.239800,12.000000,2.189941,214.757310,2.219230,208.478572
0.240000,12.000000,2.175293,199.417502,2.216683,208.545073
0.240200,12.000000,2.197266,214.757310,2.214139,208.611479
0.240400,12.000000,2.226562,214.757310,2.211599,208.677789
0.240600,12.000000,2.204590,199.417502,2.209063,208.744003
0.240800,12.000000,2.189941,214.757310,2.206530,208.810122
0.241000,12.000000,2.182617,199.417502,2.204001,208.876146
0.241200,12.000000,2.182617,214.757310,2.201475,208.942074
0.241400,12.000000,2.175293,214.757310,2.198953,209.007908
0.241600,12.000000,2.263184,199.417502,2.196435,209.073646
0.241800,12.000000,2.204590,214.757310,2.193921,209.139290
0.242000,12.000000,2.219238,199.417502,2.191410,209.204839
0.242200,12.000000,2.175293,214.757310,2.188902,209.270293
0.242400,12.000000,2.182617,214.757310,2.186399,209.335653
0.242600,12.000000,2.160645,199.417502,2.183899,209.400919
0.242800,12.000000,2.102051,214.757310,2.181402,209.466090
0.243000,12.000000,2.138672,214.757310,2.178909,209.531168
0.243200,12.000000,2.124023,199.417502,2.176420,209.596152
0.243400,12.000000,2.109375,214.757310,2.173934,209.661042
0.243600,12.000000,2.138672,214.757310,2.171452,209.725839
0.243800,12.000000,2.211914,199.417502,2.168974,209.790542
0.244000,12.000000,2.167969,214.757310,2.166499,209.855152
0.244200,12.000000,2.204590,214.757310,2.164027,209.919668
0.244400,12.000000,2.175293,199.417502,2.161560,209.984092
0.244600,12.000000,2.182617,214.757310,2.159095,210.048423
0.244800,12.000000,2.131348,214.757310,2.156635,210.112661
0.245000,12.000000,2.167969,214.757310,2.154177,210.176806
0.245200,12.000000,2.175293,199.417502,2.151724,210.240859
0.245400,12.000000,2.131348,214.757310,2.149274,210.304819
0.245600,12.000000,2.160645,214.757310,2.146827,210.368688
0.245800,12.000000,2.160645,199.417502,2.144384,210.432464
0.246000,12.000000,2.124023,214.757310,2.141945,210.496148
0.246200,12.000000,2.109375,214.757310,2.139509,210.559740
0.246400,12.000000,2.102051,214.757310,2.137076,210.623241
0.246600,12.000000,2.138672,199.417502,2.134647,210.686650
0.246800,12.000000,2.138672,214.757310,2.132222,210.749968
0.247000,12.000000,2.109375,214.757310,2.129800,210.813194
0.247200,12.000000,2.131348,214.757310,2.127381,210.876329
0.247400,12.000000,2.138672,199.417502,2.124967,210.939373
0.247600,12.000000,2.138672,214.757310,2.122555,211.002327
0.247800,12.000000,2.167969,214.757310,2.120147,211.065189
0.248000,12.000000,2.153320,214.757310,2.117742,211.127961
0.248200,12.000000,2.087402,199.417502,2.115341,211.190642
0.248400,12.000000,2.160645,214.757310,2.112944,211.253233
0.248600,12.000000,2.094727,214.757310,2.110550,211.315734
0.248800,12.000000,2.138672,214.757310,2.108159,211.378144
0.249000,12.000000,2.109375,199.417502,2.105772,211.440465
0.249200,12.000000,2.087402,214.757310,2.103388,211.502696
0.249400,12.000000,2.043457,214.757310,2.101007,211.564837
0.249600,12.000000,2.094727,214.757310,2.098630,211.626888
0.249800,12.000000,2.050781,214.757310,2.096257,211.688850
0.250000,12.000000,2.124023,199.417502,2.093887,211.750722
0.250200,12.000000,2.138672,214.757310,2.091520,211.812506
0.250400,12.000000,2.065430,214.757310,2.089157,211.874200
0.250600,12.000000,2.094727,214.757310,2.086797,211.935805
0.250800,12.000000,2.065430,214.757310,2.084441,211.997321
0.251000,12.000000,2.065430,199.417502,2.082088,212.058749
0.251200,12.000000,2.102051,214.757310,2.079738,212.120088
0.251400,12.000000,2.072754,214.757310,2.077392,212.181339
0.251600,12.000000,2.124023,214.757310,2.075049,212.242501
0.251800,12.000000,2.058105,214.757310,2.072709,212.303575
0.252000,12.000000,2.102051,214.757310,2.070373,212.364561
0.252200,12.000000,2.072754,199.417502,2.068040,212.425460
0.252400,12.000000,2.087402,214.757310,2.065711,212.486270
0.252600,12.000000,2.050781,214.757310,2.063385,212.546993
0.252800,12.000000,2.058105,214.757310,2.061062,212.607628
0.253000,12.000000,2.058105,214.757310,2.058743,212.668175
0.253200,12.000000,2.028809,214.757310,2.056427,212.728636
0.253400,12.000000,2.072754,214.757310,2.054114,212.789009
0.253600,12.000000,2.072754,199.417502,2.051805,212.849295
0.253800,12.000000,2.065430,214.757310,2.049499,212.909494
0.254000,12.000000,2.094727,214.757310,2.047196,212.969607
0.254200,12.000000,2.087402,214.757310,2.044897,213.029632
0.254400,12.000000,2.028809,214.757310,2.042601,213.089571
0.254600,12.000000,2.050781,214.757310,2.040308,213.149424
0.254800,12.000000,2.021484,214.757310,2.038019,213.209190
0.255000,12.000000,2.036133,214.757310,2.035733,213.268871
0.255200,12.000000,2.014160,214.757310,2.033450,213.328465
0.255400,12.000000,2.080078,214.757310,2.031170,213.387973
0.255600,12.000000,2.043457,199.417502,2.028894,213.447395
0.255800,12.000000,2.021484,214.757310,2.026621,213.506732
0.256000,12.000000,2.058105,214.757310,2.024351,213.565983
0.256200,12.000000,1.955566,214.757310,2.022085,213.625149
0.256400,12.000000,1.962891,214.757310,2.019822,213.684229
0.256600,12.000000,2.043457,214.757310,2.017562,213.743225
0.256800,12.000000,2.014160,214.757310,2.015305,213.802135
0.257000,12.000000,2.021484,214.757310,2.013052,213.860960
0.257200,12.000000,1.970215,214.757310,2.010802,213.919700
0.257400,12.000000,2.006836,214.757310,2.008555,213.978356
0.257600,12.000000,2.065430,214.757310,2.006311,214.036927
0.257800,12.000000,2.028809,214.757310,2.004071,214.095414
0.258000,12.000000,2.006836,214.757310,2.001834,214.153816
0.258200,12.000000,1.984863,214.757310,1.999600,214.212134
0.258400,12.000000,1.984863,214.757310,1.997369,214.270368
0.258600,12.000000,1.933594,214.757310,1.995142,214.328518
0.258800,12.000000,1.999512,214.757310,1.992917,214.386584
0.259000,12.000000,2.014160,214.757310,1.990696,214.444567
0.259200,12.000000,1.940918,214.757310,1.988478,214.502466
0.259400,12.000000,1.962891,214.757310,1.986264,214.560281
0.259600,12.000000,1.948242,199.417502,1.984052,214.618013
0.259800,12.000000,1.955566,214.757310,1.981844,214.675662
0.260000,12.000000,1.984863,214.757310,1.979639,214.733227
0.260200,12.000000,1.911621,214.757310,1.977437,214.790710
0.260400,12.000000,1.992188,214.757310,1.975238,214.848109
0.260600,12.000000,1.992188,214.757310,1.973042,214.905426
0.260800,12.000000,1.962891,230.097118,1.970850,214.962661
0.261000,12.000000,1.896973,214.757310,1.968661,215.019812
0.261200,12.000000,1.933594,214.757310,1.966475,215.076882
0.261400,12.000000,1.999512,214.757310,1.964292,215.133869
0.261600,12.000000,1.882324,214.757310,1.962112,215.190774
0.261800,12.000000,1.948242,214.757310,1.959935,215.247596
0.262000,12.000000,1.918945,214.757310,1.957762,215.304337
0.262200,12.000000,1.977539,214.757310,1.955591,215.360996
0.262400,12.000000,1.933594,214.757310,1.953424,215.417574
0.262600,12.000000,1.962891,214.757310,1.951260,215.474069
0.262800,12.000000,1.962891,214.757310,1.949099,215.530484
0.263000,12.000000,1.999512,214.757310,1.946941,215.586817
0.263200,12.000000,1.940918,214.757310,1.944786,215.643068
0.263400,12.000000,1.955566,214.757310,1.942635,215.699239
0.263600,12.000000,1.896973,214.757310,1.940486,215.755329
0.263800,12.000000,1.977539,214.757310,1.938340,215.811337
0.264000,12.000000,1.911621,214.757310,1.936198,215.867265
0.264200,12.000000,1.918945,214.757310,1.934059,215.923113
0.264400,12.000000,1.933594,214.757310,1.931923,215.978880
0.264600,12.000000,1.882324,214.757310,1.929789,216.034566
0.264800,12.000000,1.933594,230.097118,1.927659,216.090172
0.265000,12.000000,1.955566,214.757310,1.925532,216.145698
0.265200,12.000000,1.933594,214.757310,1.923409,216.201144
0.265400,12.000000,1.875000,214.757310,1.921288,216.256510
0.265600,12.000000,1.918945,214.757310,1.919170,216.311796
0.265800,12.000000,1.940918,214.757310,1.917055,216.367002
0.266000,12.000000,1.860352,214.757310,1.914943,216.422129
0.266200,12.000000,1.882324,214.757310,1.912835,216.477176
0.266400,12.000000,1.933594,214.757310,1.910729,216.532144
0.266600,12.000000,1.918945,214.757310,1.908627,216.587032
0.266800,12.000000,1.918945,230.097118,1.906527,216.641842
0.267000,12.000000,1.962891,214.757310,1.904431,216.696572
0.267200,12.000000,1.918945,214.757310,1.902337,216.751224
0.267400,12.000000,1.918945,214.757310,1.900247,216.805796
0.267600,12.000000,1.977539,214.757310,1.898159,216.860290
0.267800,12.000000,1.889648,214.757310,1.896075,216.914706
0.268000,12.000000,1.867676,214.757310,1.893993,216.969043
0.268200,12.000000,1.904297,230.097118,1.891915,217.023301
0.268400,12.000000,1.904297,214.757310,1.889839,217.077482
0.268600,12.000000,1.875000,214.757310,1.887767,217.131584
0.268800,12.000000,1.853027,214.757310,1.885698,217.185608
0.269000,12.000000,1.955566,214.757310,1.883631,217.239554
0.269200,12.000000,1.889648,214.757310,1.881568,217.293423
0.269400,12.000000,1.860352,214.757310,1.879507,217.347214
0.269600,12.000000,1.904297,230.097118,1.877449,217.400927
0.269800,12.000000,1.875000,214.757310,1.875395,217.454563
0.270000,12.000000,1.867676,214.757310,1.873343,217.508121
0.270200,12.000000,1.889648,214.757310,1.871295,217.561602
0.270400,12.000000,1.831055,214.757310,1.869249,217.615006
0.270600,12.000000,1.875000,230.097118,1.867206,217.668334
0.270800,12.000000,1.918945,214.757310,1.865166,217.721584
0.271000,12.000000,1.875000,214.757310,1.863129,217.774757
0.271200,12.000000,1.853027,214.757310,1.861096,217.827854
0.271400,12.000000,1.845703,214.757310,1.859065,217.880874
0.271600,12.000000,1.845703,230.097118,1.857036,217.933818
0.271800,12.000000,1.845703,214.757310,1.855011,217.986685
0.272000,12.000000,1.838379,214.757310,1.852989,218.039477
0.272200,12.000000,1.875000,214.757310,1.850970,218.092192
0.272400,12.000000,1.794434,214.757310,1.848953,218.144831
0.272600,12.000000,1.875000,230.097118,1.846940,218.197394
0.272800,12.000000,1.831055,214.757310,1.844929,218.249881
0.273000,12.000000,1.853027,214.757310,1.842922,218.302293
0.273200,12.000000,1.809082,214.757310,1.840917,218.354629
0.273400,12.000000,1.882324,230.097118,1.838915,218.406889
0.273600,12.000000,1.875000,214.757310,1.836916,218.459075
0.273800,12.000000,1.860352,214.757310,1.834920,218.511185
0.274000,12.000000,1.787109,214.757310,1.832927,218.563219
0.274200,12.000000,1.853027,230.097118,1.830936,218.615179
0.274400,12.000000,1.838379,214.757310,1.828949,218.667064
0.274600,12.000000,1.779785,214.757310,1.826964,218.718874
0.274800,12.000000,1.823730,214.757310,1.824982,218.770610
0.275000,12.000000,1.831055,230.097118,1.823003,218.822270
0.275200,12.000000,1.838379,214.757310,1.821027,218.873857
0.275400,12.000000,1.823730,214.757310,1.819054,218.925368
0.275600,12.000000,1.823730,214.757310,1.817084,218.976806
0.275800,12.000000,1.860352,230.097118,1.815116,219.028169
0.276000,12.000000,1.853027,214.757310,1.813151,219.079459
0.276200,12.000000,1.728516,214.757310,1.811190,219.130674
0.276400,12.000000,1.801758,214.757310,1.809231,219.181816
0.276600,12.000000,1.801758,230.097118,1.807274,219.232884
0.276800,12.000000,1.750488,214.757310,1.805321,219.283878
0.277000,12.000000,1.809082,214.757310,1.803370,219.334798
0.277200,12.000000,1.838379,230.097118,1.801423,219.385646
0.277400,12.000000,1.765137,214.757310,1.799478,219.436419
0.277600,12.000000,1.809082,214.757310,1.797536,219.487120
0.277800,12.000000,1.765137,230.097118,1.795596,219.537748
0.278000,12.000000,1.772461,214.757310,1.793660,219.588302
0.278200,12.000000,1.838379,214.757310,1.791726,219.638784
0.278400,12.000000,1.772461,230.097118,1.789795,219.689193
0.278600,12.000000,1.801758,214.757310,1.787867,219.739529
0.278800,12.000000,1.728516,214.757310,1.785941,219.789793
0.279000,12.000000,1.838379,230.097118,1.784019,219.839984
0.279200,12.000000,1.801758,214.757310,1.782099,219.890102
0.279400,12.000000,1.772461,214.757310,1.780182,219.940149
0.279600,12.000000,1.794434,230.097118,1.778267,219.990123
0.279800,12.000000,1.735840,214.757310,1.776356,220.040026
0.280000,12.000000,1.809082,214.757310,1.774447,220.089856
0.280200,12.000000,1.765137,230.097118,1.772541,220.139614
0.280400,12.000000,1.765137,214.757310,1.770638,220.189301
0.280600,12.000000,1.750488,214.757310,1.768737,220.238916
0.280800,12.000000,1.750488,230.097118,1.766839,220.288459
0.281000,12.000000,1.787109,214.757310,1.764944,220.337931
0.281200,12.000000,1.772461,214.757310,1.763052,220.387332
0.281400,12.000000,1.779785,230.097118,1.761162,220.436662
0.281600,12.000000,1.757812,214.757310,1.759275,220.485920
0.281800,12.000000,1.772461,214.757310,1.757391,220.535107
0.282000,12.000000,1.743164,230.097118,1.755510,220.584224
0.282200,12.000000,1.823730,214.757310,1.753631,220.633269
0.282400,12.000000,1.706543,230.097118,1.751755,220.682244
0.282600,12.000000,1.787109,214.757310,1.749882,220.731148
0.282800,12.000000,1.787109,214.757310,1.748011,220.779982
0.283000,12.000000,1.721191,230.097118,1.746143,220.828745
0.283200,12.000000,1.809082,214.757310,1.744278,220.877438
0.283400,12.000000,1.772461,230.097118,1.742415,220.926061
0.283600,12.000000,1.772461,214.757310,1.740555,220.974614
0.283800,12.000000,1.743164,214.757310,1.738698,221.023096
0.284000,12.000000,1.728516,230.097118,1.736844,221.071509
0.284200,12.000000,1.728516,214.757310,1.734992,221.119852
0.284400,12.000000,1.743164,230.097118,1.733143,221.168125
0.284600,12.000000,1.772461,214.757310,1.731296,221.216329
0.284800,12.000000,1.735840,214.757310,1.729452,221.264463
0.285000,12.000000,1.699219,230.097118,1.727611,221.312528
0.285200,12.000000,1.750488,214.757310,1.725773,221.360523
0.285400,12.000000,1.750488,230.097118,1.723937,221.408449
0.285600,12.000000,1.743164,214.757310,1.722104,221.456306
0.285800,12.000000,1.743164,230.097118,1.720273,221.504094
0.286000,12.000000,1.713867,214.757310,1.718445,221.551813
0.286200,12.000000,1.691895,230.097118,1.716620,221.599464
0.286400,12.000000,1.691895,214.757310,1.714797,221.647045
0.286600,12.000000,1.662598,214.757310,1.712977,221.694558
0.286800,12.000000,1.721191,230.097118,1.711160,221.742003
0.287000,12.000000,1.706543,214.757310,1.709345,221.789379
0.287200,12.000000,1.691895,230.097118,1.707533,221.836687
0.287400,12.000000,1.618652,214.757310,1.705723,221.883926
0.287600,12.000000,1.669922,230.097118,1.703916,221.931097
0.287800,12.000000,1.735840,214.757310,1.702112,221.978201
0.288000,12.000000,1.677246,230.097118,1.700310,222.025236
0.288200,12.000000,1.706543,214.757310,1.698511,222.072204
0.288400,12.000000,1.655273,230.097118,1.696714,222.119104
0.288600,12.000000,1.735840,214.757310,1.694920,222.165936
0.288800,12.000000,1.691895,230.097118,1.693129,222.212701
0.289000,12.000000,1.699219,214.757310,1.691340,222.259398
0.289200,12.000000,1.757812,230.097118,1.689554,222.306028
0.289400,12.000000,1.735840,214.757310,1.687770,222.352591
0.289600,12.000000,1.677246,230.097118,1.685989,222.399087
0.289800,12.000000,1.669922,214.757310,1.684211,222.445515
0.290000,12.000000,1.669922,230.097118,1.682435,222.491877
0.290200,12.000000,1.699219,214.757310,1.680662,222.538172
0.290400,12.000000,1.677246,230.097118,1.678891,222.584400
0.290600,12.000000,1.662598,214.757310,1.677123,222.630561
0.290800,12.000000,1.721191,230.097118,1.675357,222.676656
0.291000,12.000000,1.669922,214.757310,1.673594,222.722684
0.291200,12.000000,1.743164,230.097118,1.671833,222.768646
0.291400,12.000000,1.669922,214.757310,1.670075,222.814542
0.291600,12.000000,1.721191,230.097118,1.668319,222.860371
0.291800,12.000000,1.677246,214.757310,1.666566,222.906135
0.292000,12.000000,1.691895,230.097118,1.664816,222.951832
0.292200,12.000000,1.640625,214.757310,1.663068,222.997464
0.292400,12.000000,1.633301,230.097118,1.661322,223.043029
0.292600,12.000000,1.669922,214.757310,1.659580,223.088529
0.292800,12.000000,1.684570,230.097118,1.657839,223.133964
0.293000,12.000000,1.655273,214.757310,1.656101,223.179333
0.293200,12.000000,1.618652,230.097118,1.654366,223.224636
0.293400,12.000000,1.611328,230.097118,1.652633,223.269874
0.293600,12.000000,1.611328,214.757310,1.650903,223.315047
0.293800,12.000000,1.596680,230.097118,1.649175,223.360155
0.294000,12.000000,1.647949,214.757310,1.647449,223.405198
0.294200,12.000000,1.677246,230.097118,1.645726,223.450175
0.294400,12.000000,1.640625,214.757310,1.644006,223.495088
0.294600,12.000000,1.574707,230.097118,1.642288,223.539937
0.294800,12.000000,1.633301,230.097118,1.640572,223.584720
0.295000,12.000000,1.633301,214.757310,1.638859,223.629439
0.295200,12.000000,1.699219,230.097118,1.637149,223.674093
0.295400,12.000000,1.589355,214.757310,1.635441,223.718683
0.295600,12.000000,1.618652,230.097118,1.633735,223.763209
0.295800,12.000000,1.684570,214.757310,1.632032,223.807671
0.296000,12.000000,1.640625,230.097118,1.630331,223.852068
0.296200,12.000000,1.647949,230.097118,1.628633,223.896402
0.296400,12.000000,1.633301,214.757310,1.626937,223.940671
0.296600,12.000000,1.633301,230.097118,1.625244,223.984877
0.296800,12.000000,1.647949,214.757310,1.623553,224.029019
0.297000,12.000000,1.596680,230.097118,1.621865,224.073097
0.297200,12.000000,1.647949,230.097118,1.620179,224.117111
0.297400,12.000000,1.574707,214.757310,1.618495,224.161063
0.297600,12.000000,1.625977,230.097118,1.616814,224.204950
0.297800,12.000000,1.618652,214.757310,1.615135,224.248775
0.298000,12.000000,1.596680,230.097118,1.613459,224.292536
0.298200,12.000000,1.611328,230.097118,1.611785,224.336235
0.298400,12.000000,1.589355,214.757310,1.610113,224.379870
0.298600,12.000000,1.574707,230.097118,1.608444,224.423442
0.298800,12.000000,1.596680,230.097118,1.606778,224.466952
0.299000,12.000000,1.574707,214.757310,1.605113,224.510398
0.299200,12.000000,1.611328,230.097118,1.603451,224.553783
0.299400,12.000000,1.567383,230.097118,1.601792,224.597104
0.299600,12.000000,1.618652,214.757310,1.600135,224.640363
0.299800,12.000000,1.560059,230.097118,1.598480,224.683560
0.300000,12.000000,1.582031,214.757310,1.596828,224.726694
0.300200,12.000000,1.574707,230.097118,1.595178,224.769766
0.300400,12.000000,1.633301,230.097118,1.593530,224.812777
0.300600,12.000000,1.604004,214.757310,1.591885,224.855725
0.300800,12.000000,1.582031,230.097118,1.590242,224.898611
0.301000,12.000000,1.604004,230.097118,1.588602,224.941435
0.301200,12.000000,1.523438,214.757310,1.586964,224.984198
0.301400,12.000000,1.582031,230.097118,1.585328,225.026899
0.301600,12.000000,1.640625,230.097118,1.583695,225.069538
0.301800,12.000000,1.589355,214.757310,1.582064,225.112116
0.302000,12.000000,1.582031,230.097118,1.580435,225.154632
0.302200,12.000000,1.596680,230.097118,1.578809,225.197087
0.302400,12.000000,1.604004,214.757310,1.577185,225.239481
0.302600,12.000000,1.516113,230.097118,1.575563,225.281814
0.302800,12.000000,1.523438,230.097118,1.573944,225.324086
0.303000,12.000000,1.582031,230.097118,1.572327,225.366296
0.303200,12.000000,1.552734,214.757310,1.570713,225.408446
0.303400,12.000000,1.611328,230.097118,1.569100,225.450536
0.303600,12.000000,1.560059,230.097118,1.567490,225.492564
0.303800,12.000000,1.508789,214.757310,1.565883,225.534532
0.304000,12.000000,1.523438,230.097118,1.564277,225.576439
0.304200,12.000000,1.479492,230.097118,1.562674,225.618286
0.304400,12.000000,1.552734,214.757310,1.561074,225.660073
0.304600,12.000000,1.552734,230.097118,1.559475,225.701799
0.304800,12.000000,1.545410,230.097118,1.557879,225.743465
0.305000,12.000000,1.589355,230.097118,1.556285,225.785071
0.305200,12.000000,1.589355,214.757310,1.554694,225.826617
0.305400,12.000000,1.545410,230.097118,1.553105,225.868103
0.305600,12.000000,1.486816,230.097118,1.551518,225.909530
0.305800,12.000000,1.567383,214.757310,1.549933,225.950896
0.306000,12.000000,1.567383,230.097118,1.548351,225.992203
0.306200,12.000000,1.552734,230.097118,1.546771,226.033450
0.306400,12.000000,1.574707,230.097118,1.545193,226.074638
0.306600,12.000000,1.508789,214.757310,1.543618,226.115767
0.306800,12.000000,1.604004,230.097118,1.542045,226.156836
0.307000,12.000000,1.508789,230.097118,1.540474,226.197846
0.307200,12.000000,1.560059,230.097118,1.538905,226.238797
0.307400,12.000000,1.486816,214.757310,1.537339,226.279689
0.307600,12.000000,1.508789,230.097118,1.535774,226.320521
0.307800,12.000000,1.582031,230.097118,1.534213,226.361295
0.308000,12.000000,1.523438,230.097118,1.532653,226.402011
0.308200,12.000000,1.552734,214.757310,1.531096,226.442667
0.308400,12.000000,1.538086,230.097118,1.529540,226.483265
0.308600,12.000000,1.523438,230.097118,1.527987,226.523804
0.308800,12.000000,1.567383,230.097118,1.526437,226.564285
0.309000,12.000000,1.516113,214.757310,1.524888,226.604707
0.309200,12.000000,1.472168,230.097118,1.523342,226.645071
0.309400,12.000000,1.494141,230.097118,1.521798,226.685377
0.309600,12.000000,1.538086,230.097118,1.520257,226.725625
0.309800,12.000000,1.530762,230.097118,1.518717,226.765815
0.310000,12.000000,1.472168,214.757310,1.517180,226.805947
0.310200,12.000000,1.494141,230.097118,1.515645,226.846021
0.310400,12.000000,1.494141,230.097118,1.514112,226.886037
0.310600,12.000000,1.501465,230.097118,1.512581,226.925995
0.310800,12.000000,1.472168,230.097118,1.511053,226.965896
0.311000,12.000000,1.494141,214.757310,1.509526,227.005740
0.311200,12.000000,1.486816,230.097118,1.508002,227.045526
0.311400,12.000000,1.530762,230.097118,1.506481,227.085254
0.311600,12.000000,1.530762,230.097118,1.504961,227.124925
0.311800,12.000000,1.501465,230.097118,1.503443,227.164539
0.312000,12.000000,1.486816,214.757310,1.501928,227.204096
0.312200,12.000000,1.501465,230.097118,1.500415,227.243596
0.312400,12.000000,1.472168,230.097118,1.498904,227.283039
0.312600,12.000000,1.464844,230.097118,1.497395,227.322425
0.312800,12.000000,1.464844,230.097118,1.495889,227.361754
0.313000,12.000000,1.472168,214.757310,1.494385,227.401027
0.313200,12.000000,1.457520,230.097118,1.492882,227.440242
0.313400,12.000000,1.494141,230.097118,1.491382,227.479402
0.313600,12.000000,1.508789,230.097118,1.489884,227.518505
0.313800,12.000000,1.442871,230.097118,1.488389,227.557551
0.314000,12.000000,1.486816,230.097118,1.486895,227.596541
0.314200,12.000000,1.479492,214.757310,1.485404,227.635475
0.314400,12.000000,1.494141,230.097118,1.483914,227.674353
0.314600,12.000000,1.479492,230.097118,1.482427,227.713175
0.314800,12.000000,1.435547,230.097118,1.480942,227.751941
0.315000,12.000000,1.442871,230.097118,1.479460,227.790650
0.315200,12.000000,1.479492,230.097118,1.477979,227.829304
0.315400,12.000000,1.508789,230.097118,1.476500,227.867903
0.315600,12.000000,1.406250,214.757310,1.475024,227.906445
0.315800,12.000000,1.486816,230.097118,1.473550,227.944933
0.316000,12.000000,1.508789,230.097118,1.472077,227.983364
0.316200,12.000000,1.464844,230.097118,1.470607,228.021740
0.316400,12.000000,1.486816,230.097118,1.469139,228.060061
0.316600,12.000000,1.450195,230.097118,1.467674,228.098327
0.316800,12.000000,1.464844,230.097118,1.466210,228.136537
0.317000,12.000000,1.413574,214.757310,1.464748,228.174692
0.317200,12.000000,1.391602,230.097118,1.463289,228.212793
0.317400,12.000000,1.486816,230.097118,1.461832,228.250838
0.317600,12.000000,1.428223,230.097118,1.460376,228.288828
0.317800,12.000000,1.442871,230.097118,1.458923,228.326764
0.318000,12.000000,1.413574,230.097118,1.457472,228.364645
0.318200,12.000000,1.413574,230.097118,1.456023,228.402471
0.318400,12.000000,1.450195,230.097118,1.454576,228.440243
0.318600,12.000000,1.428223,230.097118,1.453131,228.477961
0.318800,12.000000,1.464844,214.757310,1.451689,228.515623
0.319000,12.000000,1.464844,230.097118,1.450248,228.553232
0.319200,12.000000,1.457520,230.097118,1.448809,228.590787
0.319400,12.000000,1.457520,230.097118,1.447373,228.628287
0.319600,12.000000,1.494141,230.097118,1.445939,228.665733
0.319800,12.000000,1.413574,230.097118,1.444506,228.703125
0.320000,12.000000,1.442871,230.097118,1.443076,228.740463
0.320200,12.000000,1.472168,230.097118,1.441648,228.777748
0.320400,12.000000,1.479492,230.097118,1.440222,228.814979
0.320600,12.000000,1.398926,230.097118,1.438797,228.852156
0.320800,12.000000,1.428223,214.757310,1.437375,228.889279
0.321000,12.000000,1.479492,230.097118,1.435955,228.926349
0.321200,12.000000,1.450195,230.097118,1.434537,228.963365
0.321400,12.000000,1.435547,230.097118,1.433121,229.000328
0.321600,12.000000,1.428223,230.097118,1.431708,229.037238
0.321800,12.000000,1.420898,230.097118,1.430296,229.074094
0.322000,12.000000,1.435547,230.097118,1.428886,229.110898
0.322200,12.000000,1.420898,230.097118,1.427478,229.147648
0.322400,12.000000,1.428223,230.097118,1.426072,229.184345
0.322600,12.000000,1.428223,230.097118,1.424669,229.220990
0.322800,12.000000,1.406250,230.097118,1.423267,229.257581
0.323000,12.000000,1.435547,230.097118,1.421867,229.294120
0.323200,12.000000,1.508789,230.097118,1.420470,229.330606
0.323400,12.000000,1.362305,230.097118,1.419074,229.367040
0.323600,12.000000,1.428223,230.097118,1.417681,229.403420
0.323800,12.000000,1.391602,230.097118,1.416289,229.439749
0.324000,12.000000,1.435547,230.097118,1.414899,229.476025
0.324200,12.000000,1.413574,230.097118,1.413512,229.512249
0.324400,12.000000,1.435547,214.757310,1.412126,229.548420
0.324600,12.000000,1.442871,230.097118,1.410743,229.584540
0.324800,12.000000,1.413574,230.097118,1.409361,229.620607
0.325000,12.000000,1.442871,230.097118,1.407981,229.656622
0.325200,12.000000,1.333008,230.097118,1.406604,229.692586
0.325400,12.000000,1.450195,230.097118,1.405228,229.728497
0.325600,12.000000,1.413574,230.097118,1.403855,229.764357
0.325800,12.000000,1.435547,230.097118,1.402483,229.800165
0.326000,12.000000,1.362305,230.097118,1.401113,229.835921
0.326200,12.000000,1.376953,230.097118,1.399745,229.871626
0.326400,12.000000,1.406250,230.097118,1.398380,229.907279
0.326600,12.000000,1.398926,230.097118,1.397016,229.942881
0.326800,12.000000,1.406250,230.097118,1.395654,229.978432
0.327000,12.000000,1.428223,230.097118,1.394294,230.013931
0.327200,12.000000,1.340332,230.097118,1.392936,230.049379
0.327400,12.000000,1.420898,230.097118,1.391580,230.084776
0.327600,12.000000,1.391602,230.097118,1.390227,230.120122
0.327800,12.000000,1.384277,230.097118,1.388875,230.155417
0.328000,12.000000,1.340332,230.097118,1.387524,230.190661
0.328200,12.000000,1.398926,230.097118,1.386176,230.225855
0.328400,12.000000,1.311035,230.097118,1.384830,230.260997
0.328600,12.000000,1.406250,230.097118,1.383486,230.296089
0.328800,12.000000,1.340332,230.097118,1.382144,230.331130
0.329000,12.000000,1.384277,230.097118,1.380803,230.366121
0.329200,12.000000,1.376953,230.097118,1.379465,230.401061
0.329400,12.000000,1.413574,230.097118,1.378128,230.435951
0.329600,12.000000,1.369629,230.097118,1.376794,230.470791
0.329800,12.000000,1.354980,230.097118,1.375461,230.505580
0.330000,12.000000,1.362305,230.097118,1.374130,230.540319
0.330200,12.000000,1.413574,230.097118,1.372802,230.575008
0.330400,12.000000,1.384277,230.097118,1.371475,230.609647
0.330600,12.000000,1.354980,230.097118,1.370150,230.644236
0.330800,12.000000,1.362305,245.436926,1.368827,230.678776
0.331000,12.000000,1.318359,230.097118,1.367506,230.713265
0.331200,12.000000,1.376953,230.097118,1.366186,230.747705
0.331400,12.000000,1.311035,230.097118,1.364869,230.782095
0.331600,12.000000,1.384277,230.097118,1.363553,230.816435
0.331800,12.000000,1.369629,230.097118,1.362240,230.850726
0.332000,12.000000,1.435547,230.097118,1.360928,230.884968
0.332200,12.000000,1.325684,230.097118,1.359618,230.919160
0.332400,12.000000,1.354980,230.097118,1.358311,230.953303
0.332600,12.000000,1.413574,230.097118,1.357005,230.987396
0.332800,12.000000,1.391602,230.097118,1.355701,231.021441
0.333000,12.000000,1.333008,230.097118,1.354398,231.055436
0.333200,12.000000,1.362305,230.097118,1.353098,231.089382
0.333400,12.000000,1.354980,230.097118,1.351799,231.123279
0.333600,12.000000,1.362305,230.097118,1.350503,231.157128
0.333800,12.000000,1.325684,230.097118,1.349208,231.190928
0.334000,12.000000,1.347656,230.097118,1.347915,231.224679
0.334200,12.000000,1.296387,230.097118,1.346624,231.258381
0.334400,12.000000,1.347656,245.436926,1.345335,231.292034
0.334600,12.000000,1.354980,230.097118,1.344048,231.325640
0.334800,12.000000,1.333008,230.097118,1.342762,231.359196
0.335000,12.000000,1.296387,230.097118,1.341479,231.392704
0.335200,12.000000,1.369629,230.097118,1.340197,231.426164
0.335400,12.000000,1.347656,230.097118,1.338917,231.459576
0.335600,12.000000,1.318359,230.097118,1.337639,231.492940
0.335800,12.000000,1.325684,230.097118,1.336363,231.526255
0.336000,12.000000,1.289062,230.097118,1.335089,231.559522
0.336200,12.000000,1.303711,230.097118,1.333816,231.592742
0.336400,12.000000,1.318359,230.097118,1.332546,231.625913
0.336600,12.000000,1.369629,245.436926,1.331277,231.659037
0.336800,12.000000,1.311035,230.097118,1.330010,231.692113
0.337000,12.000000,1.347656,230.097118,1.328744,231.725141
0.337200,12.000000,1.311035,230.097118,1.327481,231.758122
0.337400,12.000000,1.333008,230.097118,1.326220,231.791055
0.337600,12.000000,1.318359,230.097118,1.324960,231.823940
0.337800,12.000000,1.347656,230.097118,1.323702,231.856778
0.338000,12.000000,1.303711,230.097118,1.322446,231.889569
0.338200,12.000000,1.274414,230.097118,1.321192,231.922313
0.338400,12.000000,1.281738,245.436926,1.319939,231.955009
0.338600,12.000000,1.303711,230.097118,1.318688,231.987658
0.338800,12.000000,1.281738,230.097118,1.317440,232.020260
0.339000,12.000000,1.325684,230.097118,1.316193,232.052815
0.339200,12.000000,1.303711,230.097118,1.314947,232.085323
0.339400,12.000000,1.384277,230.097118,1.313704,232.117785
0.339600,12.000000,1.259766,230.097118,1.312462,232.150199
0.339800,12.000000,1.318359,230.097118,1.311222,232.182567
0.340000,12.000000,1.274414,245.436926,1.309984,232.214888
0.340200,12.000000,1.296387,230.097118,1.308748,232.247162
0.340400,12.000000,1.311035,230.097118,1.307513,232.279390
0.340600,12.000000,1.237793,230.097118,1.306281,232.311571
0.340800,12.000000,1.311035,230.097118,1.305050,232.343706
0.341000,12.000000,1.362305,230.097118,1.303820,232.375795
0.341200,12.000000,1.289062,230.097118,1.302593,232.407837
0.341400,12.000000,1.311035,245.436926,1.301367,232.439833
0.341600,12.000000,1.333008,230.097118,1.300144,232.471783
0.341800,12.000000,1.296387,230.097118,1.298921,232.503687
0.342000,12.000000,1.281738,230.097118,1.297701,232.535545
0.342200,12.000000,1.230469,230.097118,1.296482,232.567357
0.342400,12.000000,1.311035,230.097118,1.295266,232.599123
0.342600,12.000000,1.289062,245.436926,1.294051,232.630844
0.342800,12.000000,1.259766,230.097118,1.292837,232.662518
0.343000,12.000000,1.296387,230.097118,1.291626,232.694147
0.343200,12.000000,1.274414,230.097118,1.290416,232.725730
0.343400,12.000000,1.274414,230.097118,1.289208,232.757268
0.343600,12.000000,1.303711,230.097118,1.288001,232.788761
0.343800,12.000000,1.245117,245.436926,1.286797,232.820207
0.344000,12.000000,1.318359,230.097118,1.285594,232.851609
0.344200,12.000000,1.245117,230.097118,1.284393,232.882965
0.344400,12.000000,1.259766,230.097118,1.283193,232.914276
0.344600,12.000000,1.340332,230.097118,1.281996,232.945542
0.344800,12.000000,1.311035,230.097118,1.280800,232.976763
0.345000,12.000000,1.281738,245.436926,1.279605,233.007939
0.345200,12.000000,1.252441,230.097118,1.278413,233.039069
0.345400,12.000000,1.259766,230.097118,1.277222,233.070155
0.345600,12.000000,1.281738,230.097118,1.276033,233.101197
0.345800,12.000000,1.274414,230.097118,1.274846,233.132193
0.346000,12.000000,1.274414,245.436926,1.273660,233.163145
0.346200,12.000000,1.274414,230.097118,1.272476,233.194052
0.346400,12.000000,1.267090,230.097118,1.271294,233.224914
0.346600,12.000000,1.230469,230.097118,1.270113,233.255732
0.346800,12.000000,1.252441,230.097118,1.268935,233.286505
0.347000,12.000000,1.296387,245.436926,1.267758,233.317235
0.347200,12.000000,1.223145,230.097118,1.266582,233.347919
0.347400,12.000000,1.259766,230.097118,1.265408,233.378560
0.347600,12.000000,1.237793,230.097118,1.264236,233.409156
0.347800,12.000000,1.267090,245.436926,1.263066,233.439709
0.348000,12.000000,1.252441,230.097118,1.261897,233.470217
0.348200,12.000000,1.303711,230.097118,1.260730,233.500681
0.348400,12.000000,1.274414,230.097118,1.259565,233.531101
0.348600,12.000000,1.215820,230.097118,1.258402,233.561478
0.348800,12.000000,1.274414,245.436926,1.257240,233.591810
0.349000,12.000000,1.230469,230.097118,1.256079,233.622099
0.349200,12.000000,1.237793,230.097118,1.254921,233.652345
0.349400,12.000000,1.259766,230.097118,1.253764,233.682546
0.349600,12.000000,1.237793,245.436926,1.252609,233.712704
0.349800,12.000000,1.281738,230.097118,1.251455,233.742819
0.350000,12.000000,1.230469,230.097118,1.250303,233.772890
0.350200,12.000000,1.230469,230.097118,1.249153,233.802918
0.350400,12.000000,1.230469,245.436926,1.248004,233.832902
0.350600,12.000000,1.230469,230.097118,1.246857,233.862843
0.350800,12.000000,1.281738,230.097118,1.245712,233.892742
0.351000,12.000000,1.267090,230.097118,1.244569,233.922596
0.351200,12.000000,1.296387,245.436926,1.243427,233.952408
0.351400,12.000000,1.311035,230.097118,1.242286,233.982177
0.351600,12.000000,1.208496,230.097118,1.241148,234.011903
0.351800,12.000000,1.245117,230.097118,1.240010,234.041586
0.352000,12.000000,1.201172,245.436926,1.238875,234.071227
0.352200,12.000000,1.215820,230.097118,1.237741,234.100824
0.352400,12.000000,1.215820,230.097118,1.236609,234.130379
0.352600,12.000000,1.201172,230.097118,1.235479,234.159892
0.352800,12.000000,1.201172,245.436926,1.234350,234.189361
0.353000,12.000000,1.230469,230.097118,1.233223,234.218788
0.353200,12.000000,1.193848,230.097118,1.232097,234.248173
0.353400,12.000000,1.259766,230.097118,1.230973,234.277516
0.353600,12.000000,1.201172,245.436926,1.229851,234.306816
0.353800,12.000000,1.311035,230.097118,1.228730,234.336074
0.354000,12.000000,1.215820,230.097118,1.227611,234.365289
0.354200,12.000000,1.230469,245.436926,1.226493,234.394463
0.354400,12.000000,1.186523,230.097118,1.225377,234.423594
0.354600,12.000000,1.274414,230.097118,1.224263,234.452684
0.354800,12.000000,1.259766,230.097118,1.223150,234.481731
0.355000,12.000000,1.230469,245.436926,1.222039,234.510737
0.355200,12.000000,1.179199,230.097118,1.220930,234.539701
0.355400,12.000000,1.223145,230.097118,1.219822,234.568623
0.355600,12.000000,1.186523,245.436926,1.218715,234.597503
0.355800,12.000000,1.259766,230.097118,1.217611,234.626342
0.356000,12.000000,1.237793,230.097118,1.216508,234.655139
0.356200,12.000000,1.215820,230.097118,1.215406,234.683895
0.356400,12.000000,1.142578,245.436926,1.214306,234.712609
0.356600,12.000000,1.186523,230.097118,1.213208,234.741282
0.356800,12.000000,1.230469,230.097118,1.212111,234.769913
0.357000,12.000000,1.245117,245.436926,1.211016,234.798503
0.357200,12.000000,1.245117,230.097118,1.209922,234.827052
0.357400,12.000000,1.164551,230.097118,1.208830,234.855560
0.357600,12.000000,1.215820,245.436926,1.207740,234.884026
0.357800,12.000000,1.237793,230.097118,1.206651,234.912452
0.358000,12.000000,1.157227,230.097118,1.205564,234.940836
0.358200,12.000000,1.201172,230.097118,1.204478,234.969180
0.358400,12.000000,1.208496,245.436926,1.203394,234.997483
0.358600,12.000000,1.193848,230.097118,1.202311,235.025745
0.358800,12.000000,1.142578,230.097118,1.201230,235.053966
0.359000,12.000000,1.193848,245.436926,1.200151,235.082146
0.359200,12.000000,1.186523,230.097118,1.199073,235.110286
0.359400,12.000000,1.193848,230.097118,1.197996,235.138385
0.359600,12.000000,1.179199,245.436926,1.196922,235.166444
0.359800,12.000000,1.179199,230.097118,1.195848,235.194462
0.360000,12.000000,1.193848,230.097118,1.194777,235.222440
0.360200,12.000000,1.208496,245.436926,1.193706,235.250378
0.360400,12.000000,1.186523,230.097118,1.192638,235.278275
0.360600,12.000000,1.179199,230.097118,1.191571,235.306132
0.360800,12.000000,1.193848,245.436926,1.190505,235.333949
0.361000,12.000000,1.135254,230.097118,1.189441,235.361726
0.361200,12.000000,1.201172,230.097118,1.188379,235.389463
0.361400,12.000000,1.186523,245.436926,1.187318,235.417159
0.361600,12.000000,1.186523,230.097118,1.186258,235.444816
0.361800,12.000000,1.215820,245.436926,1.185200,235.472433
0.362000,12.000000,1.127930,230.097118,1.184144,235.500010
0.362200,12.000000,1.120605,230.097118,1.183089,235.527547
0.362400,12.000000,1.193848,245.436926,1.182036,235.555045
0.362600,12.000000,1.179199,230.097118,1.180984,235.582503
0.362800,12.000000,1.186523,230.097118,1.179934,235.609921
0.363000,12.000000,1.164551,245.436926,1.178885,235.637300
0.363200,12.000000,1.201172,230.097118,1.177838,235.664639
0.363400,12.000000,1.201172,230.097118,1.176792,235.691939
0.363600,12.000000,1.193848,245.436926,1.175748,235.719200
0.363800,12.000000,1.164551,230.097118,1.174705,235.746421
0.364000,12.000000,1.113281,230.097118,1.173664,235.773603
0.364200,12.000000,1.193848,245.436926,1.172624,235.800746
0.364400,12.000000,1.208496,230.097118,1.171586,235.827850
0.364600,12.000000,1.186523,245.436926,1.170549,235.854914
0.364800,12.000000,1.142578,230.097118,1.169514,235.881940
0.365000,12.000000,1.186523,230.097118,1.168480,235.908926
0.365200,12.000000,1.193848,245.436926,1.167448,235.935874
0.365400,12.000000,1.215820,230.097118,1.166417,235.962783
0.365600,12.000000,1.142578,230.097118,1.165388,235.989653
0.365800,12.000000,1.157227,245.436926,1.164360,236.016484
0.366000,12.000000,1.186523,230.097118,1.163333,236.043277
0.366200,12.000000,1.164551,245.436926,1.162309,236.070030
0.366400,12.000000,1.127930,230.097118,1.161285,236.096746
0.366600,12.000000,1.171875,230.097118,1.160263,236.123423
0.366800,12.000000,1.179199,245.436926,1.159243,236.150061
0.367000,12.000000,1.157227,230.097118,1.158224,236.176661
0.367200,12.000000,1.164551,245.436926,1.157207,236.203223
0.367400,12.000000,1.149902,230.097118,1.156191,236.229746
0.367600,12.000000,1.201172,230.097118,1.155176,236.256231
0.367800,12.000000,1.127930,245.436926,1.154163,236.282678
0.368000,12.000000,1.135254,230.097118,1.153151,236.309086
0.368200,12.000000,1.149902,245.436926,1.152141,236.335457
0.368400,12.000000,1.179199,230.097118,1.151132,236.361790
0.368600,12.000000,1.105957,230.097118,1.150125,236.388084
0.368800,12.000000,1.113281,245.436926,1.149119,236.414341
0.369000,12.000000,1.083984,230.097118,1.148115,236.440560
0.369200,12.000000,1.149902,245.436926,1.147112,236.466741
0.369400,12.000000,1.113281,230.097118,1.146111,236.492884
0.369600,12.000000,1.135254,245.436926,1.145111,236.518990
0.369800,12.000000,1.164551,230.097118,1.144112,236.545058
0.370000,12.000000,1.120605,230.097118,1.143115,236.571088
0.370200,12.000000,1.149902,245.436926,1.142119,236.597081
0.370400,12.000000,1.135254,230.097118,1.141125,236.623036
0.370600,12.000000,1.157227,245.436926,1.140132,236.648954
0.370800,12.000000,1.149902,230.097118,1.139141,236.674835
0.371000,12.000000,1.120605,230.097118,1.138151,236.700678
0.371200,12.000000,1.135254,245.436926,1.137162,236.726484
0.371400,12.000000,1.164551,230.097118,1.136175,236.752253
0.371600,12.000000,1.149902,245.436926,1.135190,236.777984
0.371800,12.000000,1.091309,230.097118,1.134205,236.803679
0.372000,12.000000,1.149902,245.436926,1.133223,236.829336
0.372200,12.000000,1.098633,230.097118,1.132241,236.854957
0.372400,12.000000,1.171875,245.436926,1.131261,236.880540
0.372600,12.000000,1.164551,230.097118,1.130283,236.906087
0.372800,12.000000,1.135254,230.097118,1.129305,236.931597
0.373000,12.000000,1.135254,245.436926,1.128330,236.957070
0.373200,12.000000,1.120605,230.097118,1.127355,236.982506
0.373400,12.000000,1.149902,245.436926,1.126382,237.007905
0.373600,12.000000,1.113281,230.097118,1.125411,237.033268
0.373800,12.000000,1.127930,245.436926,1.124441,237.058595
0.374000,12.000000,1.149902,230.097118,1.123472,237.083885
0.374200,12.000000,1.105957,245.436926,1.122504,237.109138
0.374400,12.000000,1.105957,230.097118,1.121539,237.134355
0.374600,12.000000,1.083984,245.436926,1.120574,237.159536
0.374800,12.000000,1.091309,230.097118,1.119611,237.184680
0.375000,12.000000,1.062012,230.097118,1.118649,237.209788
0.375200,12.000000,1.142578,245.436926,1.117689,237.234860
0.375400,12.000000,1.171875,230.097118,1.116730,237.259896
0.375600,12.000000,1.157227,245.436926,1.115772,237.284895
0.375800,12.000000,1.069336,230.097118,1.114816,237.309859
0.376000,12.000000,1.135254,245.436926,1.113861,237.334786
0.376200,12.000000,1.157227,230.097118,1.112907,237.359678
0.376400,12.000000,1.098633,245.436926,1.111955,237.384534
0.376600,12.000000,1.113281,230.097118,1.111004,237.409353
0.376800,12.000000,1.047363,245.436926,1.110055,237.434137
0.377000,12.000000,1.120605,230.097118,1.109107,237.458886
0.377200,12.000000,1.076660,245.436926,1.108160,237.483598
0.377400,12.000000,1.113281,230.097118,1.107215,237.508275
0.377600,12.000000,1.062012,245.436926,1.106271,237.532917
0.377800,12.000000,1.120605,230.097118,1.105329,237.557523
0.378000,12.000000,1.135254,245.436926,1.104387,237.582093
0.378200,12.000000,1.076660,230.097118,1.103448,237.606628
0.378400,12.000000,1.069336,245.436926,1.102509,237.631128
0.378600,12.000000,1.040039,230.097118,1.101572,237.655592
0.378800,12.000000,1.091309,245.436926,1.100636,237.680021
0.379000,12.000000,1.083984,230.097118,1.099702,237.704415
0.379200,12.000000,1.054688,245.436926,1.098769,237.728773
0.379400,12.000000,1.113281,230.097118,1.097837,237.753097
0.379600,12.000000,1.083984,245.436926,1.096907,237.777385
0.379800,12.000000,1.062012,230.097118,1.095977,237.801639
0.380000,12.000000,1.076660,245.436926,1.095050,237.825857
0.380200,12.000000,1.127930,230.097118,1.094123,237.850041
0.380400,12.000000,1.113281,245.436926,1.093198,237.874189
0.380600,12.000000,1.091309,230.097118,1.092275,237.898303
0.380800,12.000000,1.113281,245.436926,1.091352,237.922382
0.381000,12.000000,1.054688,230.097118,1.090431,237.946426
0.381200,12.000000,1.091309,245.436926,1.089511,237.970436
0.381400,12.000000,1.091309,230.097118,1.088593,237.994411
0.381600,12.000000,1.076660,245.436926,1.087676,238.018351
0.381800,12.000000,1.098633,230.097118,1.086760,238.042257
0.382000,12.000000,1.062012,245.436926,1.085846,238.066129
0.382200,12.000000,1.098633,230.097118,1.084933,238.089966
0.382400,12.000000,1.098633,245.436926,1.084021,238.113768
0.382600,12.000000,0.996094,230.097118,1.083111,238.137537
0.382800,12.000000,1.120605,245.436926,1.082201,238.161271
0.383000,12.000000,0.988770,230.097118,1.081294,238.184971
0.383200,12.000000,1.062012,245.436926,1.080387,238.208636
0.383400,12.000000,1.113281,230.097118,1.079482,238.232268
0.383600,12.000000,1.069336,245.436926,1.078578,238.255865
0.383800,12.000000,1.032715,230.097118,1.077675,238.279429
0.384000,12.000000,1.047363,245.436926,1.076774,238.302958
0.384200,12.000000,1.105957,230.097118,1.075874,238.326454
0.384400,12.000000,1.018066,245.436926,1.074975,238.349915
0.384600,12.000000,1.105957,245.436926,1.074078,238.373343
0.384800,12.000000,1.069336,230.097118,1.073182,238.396737
0.385000,12.000000,1.040039,245.436926,1.072287,238.420097
0.385200,12.000000,1.054688,230.097118,1.071393,238.443424
0.385400,12.000000,1.040039,245.436926,1.070501,238.466717
0.385600,12.000000,1.098633,230.097118,1.069610,238.489976
0.385800,12.000000,1.091309,245.436926,1.068720,238.513202
0.386000,12.000000,1.018066,230.097118,1.067832,238.536394
0.386200,12.000000,1.054688,245.436926,1.066945,238.559553
0.386400,12.000000,1.040039,230.097118,1.066059,238.582679
0.386600,12.000000,1.105957,245.436926,1.065174,238.605771
0.386800,12.000000,1.025391,245.436926,1.064291,238.628830
0.387000,12.000000,1.113281,230.097118,1.063409,238.651855
0.387200,12.000000,1.062012,245.436926,1.062528,238.674848
0.387400,12.000000,1.025391,230.097118,1.061649,238.697807
0.387600,12.000000,1.040039,245.436926,1.060771,238.720733
0.387800,12.000000,1.032715,230.097118,1.059894,238.743626
0.388000,12.000000,1.018066,245.436926,1.059018,238.766486
0.388200,12.000000,1.062012,230.097118,1.058143,238.789314
0.388400,12.000000,1.018066,245.436926,1.057270,238.812108
0.388600,12.000000,0.988770,245.436926,1.056398,238.834869
0.388800,12.000000,1.047363,230.097118,1.055528,238.857598
0.389000,12.000000,1.003418,245.436926,1.054658,238.880293
0.389200,12.000000,1.032715,230.097118,1.053790,238.902956
0.389400,12.000000,1.025391,245.436926,1.052923,238.925587
0.389600,12.000000,1.025391,230.097118,1.052058,238.948184
0.389800,12.000000,1.113281,245.436926,1.051193,238.970749
0.390000,12.000000,1.054688,245.436926,1.050330,238.993282
0.390200,12.000000,1.054688,230.097118,1.049468,239.015782
0.390400,12.000000,0.996094,245.436926,1.048608,239.038250
0.390600,12.000000,1.025391,230.097118,1.047748,239.060685
0.390800,12.000000,1.054688,245.436926,1.046890,239.083088
0.391000,12.000000,1.018066,245.436926,1.046033,239.105458
0.391200,12.000000,1.069336,230.097118,1.045177,239.127797
0.391400,12.000000,1.010742,245.436926,1.044323,239.150103
0.391600,12.000000,1.032715,230.097118,1.043470,239.172377
0.391800,12.000000,1.025391,245.436926,1.042618,239.194619
0.392000,12.000000,1.047363,245.436926,1.041767,239.216828
0.392200,12.000000,1.018066,230.097118,1.040917,239.239006
0.392400,12.000000,1.032715,245.436926,1.040069,239.261152
0.392600,12.000000,1.032715,230.097118,1.039222,239.283266
0.392800,12.000000,1.018066,245.436926,1.038376,239.305348
0.393000,12.000000,1.054688,245.436926,1.037532,239.327398
0.393200,12.000000,1.047363,230.097118,1.036688,239.349416
0.393400,12.000000,1.032715,245.436926,1.035846,239.371403
0.393600,12.000000,1.025391,230.097118,1.035005,239.393357
0.393800,12.000000,1.054688,245.436926,1.034165,239.415281
0.394000,12.000000,1.025391,245.436926,1.033327,239.437172
0.394200,12.000000,1.025391,230.097118,1.032489,239.459032
0.394400,12.000000,1.032715,245.436926,1.031653,239.480861
0.394600,12.000000,1.083984,230.097118,1.030818,239.502658
0.394800,12.000000,0.988770,245.436926,1.029984,239.524423
0.395000,12.000000,1.054688,245.436926,1.029152,239.546157
0.395200,12.000000,0.974121,230.097118,1.028320,239.567860
0.395400,12.000000,1.032715,245.436926,1.027490,239.589532
0.395600,12.000000,1.076660,230.097118,1.026661,239.611172
0.395800,12.000000,1.040039,245.436926,1.025834,239.632781
0.396000,12.000000,1.032715,245.436926,1.025007,239.654359
0.396200,12.000000,1.010742,230.097118,1.024182,239.675906
0.396400,12.000000,1.025391,245.436926,1.023357,239.697422
0.396600,12.000000,1.018066,245.436926,1.022534,239.718906
0.396800,12.000000,0.996094,230.097118,1.021713,239.740360
0.397000,12.000000,1.010742,245.436926,1.020892,239.761783
0.397200,12.000000,1.025391,230.097118,1.020073,239.783175
0.397400,12.000000,0.996094,245.436926,1.019254,239.804536
0.397600,12.000000,0.996094,245.436926,1.018437,239.825866
0.397800,12.000000,0.974121,230.097118,1.017621,239.847166
0.398000,12.000000,1.025391,245.436926,1.016807,239.868435
0.398200,12.000000,1.032715,245.436926,1.015993,239.889673
0.398400,12.000000,1.025391,230.097118,1.015181,239.910880
0.398600,12.000000,1.040039,245.436926,1.014369,239.932057
0.398800,12.000000,1.018066,245.436926,1.013559,239.953204
0.399000,12.000000,1.025391,230.097118,1.012751,239.974319
0.399200,12.000000,1.018066,245.436926,1.011943,239.995405
0.399400,12.000000,1.010742,230.097118,1.011136,240.016460
0.399600,12.000000,0.996094,245.436926,1.010331,240.037485
0.399800,12.000000,1.076660,245.436926,1.009527,240.058479
0.400000,12.000000,0.996094,230.097118,1.008724,240.079443
0.400200,12.000000,0.988770,245.436926,1.007922,240.100377
0.400400,12.000000,1.018066,245.436926,1.007121,240.121281
0.400600,12.000000,1.010742,230.097118,1.006321,240.142154
0.400800,12.000000,0.966797,245.436926,1.005523,240.162998
0.401000,12.000000,1.040039,245.436926,1.004726,240.183811
0.401200,12.000000,1.003418,230.097118,1.003930,240.204594
0.401400,12.000000,0.966797,245.436926,1.003135,240.225348
0.401600,12.000000,1.040039,245.436926,1.002341,240.246071
0.401800,12.000000,1.018066,230.097118,1.001548,240.266765
0.402000,12.000000,0.959473,245.436926,1.000757,240.287428
0.402200,12.000000,1.054688,245.436926,0.999966,240.308062
0.402400,12.000000,1.018066,230.097118,0.999177,240.328667
0.402600,12.000000,0.996094,245.436926,0.998389,240.349241
0.402800,12.000000,1.047363,245.436926,0.997602,240.369786
0.403000,12.000000,1.003418,230.097118,0.996816,240.390301
0.403200,12.000000,0.996094,245.436926,0.996031,240.410787
0.403400,12.000000,0.974121,245.436926,0.995248,240.431243
0.403600,12.000000,1.010742,230.097118,0.994465,240.451669
0.403800,12.000000,1.010742,245.436926,0.993684,240.472066
0.404000,12.000000,0.996094,245.436926,0.992904,240.492434
0.404200,12.000000,0.966797,230.097118,0.992124,240.512772
0.404400,12.000000,0.996094,245.436926,0.991346,240.533081
0.404600,12.000000,0.988770,245.436926,0.990570,240.553361
0.404800,12.000000,0.952148,230.097118,0.989794,240.573612
0.405000,12.000000,0.944824,245.436926,0.989019,240.593833
0.405200,12.000000,1.003418,245.436926,0.988246,240.614025
0.405400,12.000000,0.908203,230.097118,0.987473,240.634188
0.405600,12.000000,0.996094,245.436926,0.986702,240.654322
0.405800,12.000000,0.974121,245.436926,0.985932,240.674427
0.406000,12.000000,1.025391,245.436926,0.985163,240.694503
0.406200,12.000000,0.966797,230.097118,0.984395,240.714550
0.406400,12.000000,1.003418,245.436926,0.983628,240.734568
0.406600,12.000000,0.974121,245.436926,0.982863,240.754557
0.406800,12.000000,0.988770,230.097118,0.982098,240.774517
0.407000,12.000000,1.003418,245.436926,0.981335,240.794449
0.407200,12.000000,0.966797,245.436926,0.980572,240.814352
0.407400,12.000000,1.010742,230.097118,0.979811,240.834226
0.407600,12.000000,0.952148,245.436926,0.979051,240.854071
0.407800,12.000000,0.988770,245.436926,0.978292,240.873888
0.408000,12.000000,1.003418,245.436926,0.977534,240.893677
0.408200,12.000000,0.996094,230.097118,0.976777,240.913436
0.408400,12.000000,1.032715,245.436926,0.976021,240.933168
0.408600,12.000000,0.952148,245.436926,0.975266,240.952870
0.408800,12.000000,0.930176,230.097118,0.974512,240.972545
0.409000,12.000000,0.944824,245.436926,0.973760,240.992191
0.409200,12.000000,0.996094,245.436926,0.973008,241.011808
0.409400,12.000000,0.988770,230.097118,0.972258,241.031398
0.409600,12.000000,0.974121,245.436926,0.971509,241.050959
0.409800,12.000000,0.937500,245.436926,0.970760,241.070492
0.410000,12.000000,0.996094,245.436926,0.970013,241.089997
0.410200,12.000000,0.930176,230.097118,0.969267,241.109473
0.410400,12.000000,1.003418,245.436926,0.968522,241.128922
0.410600,12.000000,1.054688,245.436926,0.967778,241.148343
0.410800,12.000000,0.981445,245.436926,0.967035,241.167735
0.411000,12.000000,0.981445,230.097118,0.966294,241.187100
0.411200,12.000000,0.952148,245.436926,0.965553,241.206436
0.411400,12.000000,0.908203,245.436926,0.964813,241.225745
0.411600,12.000000,0.944824,230.097118,0.964075,241.245026
0.411800,12.000000,0.930176,245.436926,0.963337,241.264279
0.412000,12.000000,0.922852,245.436926,0.962601,241.283504
0.412200,12.000000,1.010742,245.436926,0.961865,241.302702
0.412400,12.000000,0.966797,230.097118,0.961131,241.321872
0.412600,12.000000,0.974121,245.436926,0.960398,241.341014
0.412800,12.000000,0.952148,245.436926,0.959666,241.360129
0.413000,12.000000,0.952148,245.436926,0.958934,241.379216
0.413200,12.000000,0.988770,230.097118,0.958204,241.398276
0.413400,12.000000,0.959473,245.436926,0.957475,241.417308
0.413600,12.000000,0.974121,245.436926,0.956747,241.436313
0.413800,12.000000,0.952148,230.097118,0.956020,241.455290
0.414000,12.000000,0.944824,245.436926,0.955294,241.474240
0.414200,12.000000,0.915527,245.436926,0.954570,241.493162
0.414400,12.000000,0.893555,245.436926,0.953846,241.512058
0.414600,12.000000,0.944824,230.097118,0.953123,241.530926
0.414800,12.000000,0.952148,245.436926,0.952401,241.549767
0.415000,12.000000,0.915527,245.436926,0.951681,241.568580
0.415200,12.000000,0.952148,245.436926,0.950961,241.587367
0.415400,12.000000,0.952148,230.097118,0.950242,241.606126
0.415600,12.000000,0.886230,245.436926,0.949525,241.624859
0.415800,12.000000,0.922852,245.436926,0.948808,241.643564
0.416000,12.000000,0.959473,245.436926,0.948093,241.662242
0.416200,12.000000,0.959473,230.097118,0.947378,241.680894
0.416400,12.000000,0.915527,245.436926,0.946665,241.699519
0.416600,12.000000,0.952148,245.436926,0.945952,241.718116
0.416800,12.000000,0.974121,245.436926,0.945241,241.736687
0.417000,12.000000,0.966797,230.097118,0.944531,241.755231
0.417200,12.000000,0.937500,245.436926,0.943821,241.773749
0.417400,12.000000,0.930176,245.436926,0.943113,241.792239
0.417600,12.000000,0.922852,245.436926,0.942406,241.810704
0.417800,12.000000,0.952148,245.436926,0.941699,241.829141
0.418000,12.000000,0.944824,230.097118,0.940994,241.847552
0.418200,12.000000,0.959473,245.436926,0.940290,241.865936
0.418400,12.000000,0.944824,245.436926,0.939587,241.884294
0.418600,12.000000,0.966797,245.436926,0.938885,241.902625
0.418800,12.000000,0.937500,230.097118,0.938183,241.920930
0.419000,12.000000,0.959473,245.436926,0.937483,241.939208
0.419200,12.000000,0.959473,245.436926,0.936784,241.957461
0.419400,12.000000,0.915527,245.436926,0.936086,241.975686
0.419600,12.000000,0.878906,230.097118,0.935389,241.993886
0.419800,12.000000,0.981445,245.436926,0.934693,242.012059
0.420000,12.000000,0.944824,245.436926,0.933997,242.030206
0.420200,12.000000,0.878906,245.436926,0.933303,242.048327
0.420400,12.000000,0.908203,245.436926,0.932610,242.066422
0.420600,12.000000,0.952148,230.097118,0.931918,242.084491
0.420800,12.000000,0.922852,245.436926,0.931227,242.102533
0.421000,12.000000,0.915527,245.436926,0.930537,242.120550
0.421200,12.000000,0.974121,245.436926,0.929848,242.138540
0.421400,12.000000,0.900879,230.097118,0.929159,242.156505
0.421600,12.000000,0.900879,245.436926,0.928472,242.174444
0.421800,12.000000,0.937500,245.436926,0.927786,242.192357
0.422000,12.000000,0.937500,245.436926,0.927101,242.210244
0.422200,12.000000,0.944824,245.436926,0.926417,242.228105
0.422400,12.000000,0.952148,230.097118,0.925734,242.245941
0.422600,12.000000,0.930176,245.436926,0.925051,242.263750
0.422800,12.000000,0.937500,245.436926,0.924370,242.281535
0.423000,12.000000,0.915527,245.436926,0.923690,242.299293
0.423200,12.000000,0.922852,245.436926,0.923011,242.317026
0.423400,12.000000,0.922852,230.097118,0.922332,242.334733
0.423600,12.000000,0.930176,245.436926,0.921655,242.352415
0.423800,12.000000,0.944824,245.436926,0.920979,242.370071
0.424000,12.000000,0.937500,245.436926,0.920303,242.387702
0.424200,12.000000,0.922852,245.436926,0.919629,242.405308
0.424400,12.000000,0.893555,230.097118,0.918955,242.422888
0.424600,12.000000,0.922852,245.436926,0.918283,242.440442
0.424800,12.000000,0.915527,245.436926,0.917611,242.457972
0.425000,12.000000,0.922852,245.436926,0.916941,242.475476
0.425200,12.000000,0.981445,245.436926,0.916271,242.492954
0.425400,12.000000,0.900879,230.097118,0.915603,242.510408
0.425600,12.000000,0.930176,245.436926,0.914935,242.527837
0.425800,12.000000,0.944824,245.436926,0.914269,242.545240
0.426000,12.000000,0.915527,245.436926,0.913603,242.562618
0.426200,12.000000,0.981445,245.436926,0.912938,242.579971
0.426400,12.000000,0.900879,245.436926,0.912274,242.597299
0.426600,12.000000,0.922852,230.097118,0.911612,242.614603
0.426800,12.000000,0.886230,245.436926,0.910950,242.631881
0.427000,12.000000,0.900879,245.436926,0.910289,242.649134
0.427200,12.000000,0.915527,245.436926,0.909629,242.666363
0.427400,12.000000,0.937500,245.436926,0.908970,242.683566
0.427600,12.000000,0.915527,230.097118,0.908312,242.700745
0.427800,12.000000,0.944824,245.436926,0.907655,242.717899
0.428000,12.000000,0.900879,245.436926,0.906998,242.735028
0.428200,12.000000,0.893555,245.436926,0.906343,242.752133
0.428400,12.000000,0.988770,245.436926,0.905689,242.769213
0.428600,12.000000,0.915527,245.436926,0.905036,242.786268
0.428800,12.000000,0.886230,230.097118,0.904383,242.803299
0.429000,12.000000,0.886230,245.436926,0.903732,242.820305
0.429200,12.000000,0.871582,245.436926,0.903081,242.837286
0.429400,12.000000,0.930176,245.436926,0.902432,242.854243
0.429600,12.000000,0.893555,245.436926,0.901783,242.871176
0.429800,12.000000,0.908203,245.436926,0.901135,242.888084
0.430000,12.000000,0.900879,230.097118,0.900489,242.904968
0.430200,12.000000,0.922852,245.436926,0.899843,242.921828
0.430400,12.000000,0.871582,245.436926,0.899198,242.938663
0.430600,12.000000,0.864258,245.436926,0.898554,242.955474
0.430800,12.000000,0.908203,245.436926,0.897911,242.972260
0.431000,12.000000,0.915527,245.436926,0.897269,242.989023
0.431200,12.000000,0.908203,230.097118,0.896628,243.005761
0.431400,12.000000,0.871582,245.436926,0.895987,243.022475
0.431600,12.000000,0.915527,245.436926,0.895348,243.039165
0.431800,12.000000,0.871582,245.436926,0.894710,243.055831
0.432000,12.000000,0.878906,245.436926,0.894072,243.072473
0.432200,12.000000,0.864258,245.436926,0.893436,243.089091
0.432400,12.000000,0.930176,230.097118,0.892800,243.105685
0.432600,12.000000,0.908203,245.436926,0.892165,243.122255
0.432800,12.000000,0.908203,245.436926,0.891531,243.138802
0.433000,12.000000,0.930176,245.436926,0.890899,243.155324
0.433200,12.000000,0.974121,245.436926,0.890267,243.171822
0.433400,12.000000,0.834961,245.436926,0.889636,243.188297
0.433600,12.000000,0.864258,245.436926,0.889005,243.204748
0.433800,12.000000,0.871582,230.097118,0.888376,243.221175
0.434000,12.000000,0.864258,245.436926,0.887748,243.237579
0.434200,12.000000,0.856934,245.436926,0.887120,243.253959
0.434400,12.000000,0.878906,245.436926,0.886494,243.270315
0.434600,12.000000,0.849609,245.436926,0.885868,243.286648
0.434800,12.000000,0.893555,245.436926,0.885243,243.302957
0.435000,12.000000,0.886230,245.436926,0.884619,243.319242
0.435200,12.000000,0.900879,230.097118,0.883997,243.335505
0.435400,12.000000,0.900879,245.436926,0.883375,243.351743
0.435600,12.000000,0.900879,245.436926,0.882753,243.367959
0.435800,12.000000,0.871582,245.436926,0.882133,243.384150
0.436000,12.000000,0.944824,245.436926,0.881514,243.400319
0.436200,12.000000,0.886230,245.436926,0.880895,243.416464
0.436400,12.000000,0.827637,245.436926,0.880278,243.432586
0.436600,12.000000,0.849609,245.436926,0.879661,243.448685
0.436800,12.000000,0.827637,230.097118,0.879045,243.464760
0.437000,12.000000,0.878906,245.436926,0.878430,243.480813
0.437200,12.000000,0.871582,245.436926,0.877816,243.496842
0.437400,12.000000,0.864258,245.436926,0.877203,243.512848
0.437600,12.000000,0.937500,245.436926,0.876591,243.528831
0.437800,12.000000,0.893555,245.436926,0.875980,243.544791
0.438000,12.000000,0.893555,245.436926,0.875369,243.560728
0.438200,12.000000,0.849609,245.436926,0.874760,243.576641
0.438400,12.000000,0.842285,230.097118,0.874151,243.592532
0.438600,12.000000,0.871582,245.436926,0.873543,243.608401
0.438800,12.000000,0.878906,245.436926,0.872936,243.624246
0.439000,12.000000,0.812988,245.436926,0.872330,243.640068
0.439200,12.000000,0.864258,245.436926,0.871725,243.655868
0.439400,12.000000,0.871582,245.436926,0.871120,243.671644
0.439600,12.000000,0.864258,245.436926,0.870517,243.687398
0.439800,12.000000,0.842285,245.436926,0.869914,243.703130
0.440000,12.000000,0.849609,230.097118,0.869313,243.718838
0.440200,12.000000,0.864258,245.436926,0.868712,243.734524
0.440400,12.000000,0.871582,245.436926,0.868112,243.750187
0.440600,12.000000,0.886230,245.436926,0.867513,243.765828
0.440800,12.000000,0.900879,245.436926,0.866914,243.781446
0.441000,12.000000,0.856934,245.436926,0.866317,243.797042
0.441200,12.000000,0.849609,245.436926,0.865720,243.812615
0.441400,12.000000,0.878906,245.436926,0.865125,243.828166
0.441600,12.000000,0.886230,245.436926,0.864530,243.843694
0.441800,12.000000,0.849609,230.097118,0.863936,243.859200
0.442000,12.000000,0.886230,245.436926,0.863343,243.874683
0.442200,12.000000,0.893555,245.436926,0.862750,243.890145
0.442400,12.000000,0.900879,245.436926,0.862159,243.905583
0.442600,12.000000,0.915527,245.436926,0.861568,243.921000
0.442800,12.000000,0.834961,245.436926,0.860979,243.936395
0.443000,12.000000,0.864258,245.436926,0.860390,243.951767
0.443200,12.000000,0.856934,245.436926,0.859802,243.967117
0.443400,12.000000,0.856934,245.436926,0.859215,243.982445
0.443600,12.000000,0.842285,245.436926,0.858628,243.997751
0.443800,12.000000,0.812988,245.436926,0.858043,244.013034
0.444000,12.000000,0.856934,230.097118,0.857458,244.028296
0.444200,12.000000,0.834961,245.436926,0.856875,244.043536
0.444400,12.000000,0.856934,245.436926,0.856292,244.058753
0.444600,12.000000,0.834961,245.436926,0.855710,244.073949
0.444800,12.000000,0.820312,245.436926,0.855128,244.089123
0.445000,12.000000,0.864258,245.436926,0.854548,244.104275
0.445200,12.000000,0.856934,245.436926,0.853968,244.119405
0.445400,12.000000,0.871582,245.436926,0.853390,244.134513
0.445600,12.000000,0.915527,245.436926,0.852812,244.149600
0.445800,12.000000,0.856934,245.436926,0.852235,244.164665
0.446000,12.000000,0.864258,245.436926,0.851658,244.179708
0.446200,12.000000,0.820312,230.097118,0.851083,244.194729
0.446400,12.000000,0.812988,245.436926,0.850508,244.209729
0.446600,12.000000,0.900879,245.436926,0.849935,244.224707
0.446800,12.000000,0.820312,245.436926,0.849362,244.239663
0.447000,12.000000,0.820312,245.436926,0.848790,244.254598
0.447200,12.000000,0.849609,245.436926,0.848218,244.269512
0.447400,12.000000,0.842285,245.436926,0.847648,244.284404
0.447600,12.000000,0.820312,245.436926,0.847078,244.299274
0.447800,12.000000,0.834961,245.436926,0.846509,244.314123
0.448000,12.000000,0.886230,245.436926,0.845942,244.328950
0.448200,12.000000,0.820312,245.436926,0.845374,244.343757
0.448400,12.000000,0.805664,245.436926,0.844808,244.358541
0.448600,12.000000,0.871582,245.436926,0.844242,244.373305
0.448800,12.000000,0.856934,230.097118,0.843678,244.388047
0.449000,12.000000,0.827637,245.436926,0.843114,244.402768
0.449200,12.000000,0.798340,245.436926,0.842551,244.417468
0.449400,12.000000,0.820312,245.436926,0.841988,244.432146
0.449600,12.000000,0.842285,245.436926,0.841427,244.446804
0.449800,12.000000,0.878906,245.436926,0.840866,244.461440
0.450000,12.000000,0.805664,245.436926,0.840307,244.476055
0.450200,12.000000,0.834961,245.436926,0.839747,244.490649
0.450400,12.000000,0.856934,245.436926,0.839189,244.505222
0.450600,12.000000,0.769043,245.436926,0.838632,244.519774
0.450800,12.000000,0.871582,245.436926,0.838075,244.534305
0.451000,12.000000,0.805664,245.436926,0.837519,244.548815
0.451200,12.000000,0.849609,245.436926,0.836964,244.563304
0.451400,12.000000,0.842285,245.436926,0.836410,244.577772
0.451600,12.000000,0.871582,245.436926,0.835857,244.592220
0.451800,12.000000,0.849609,245.436926,0.835304,244.606646
0.452000,12.000000,0.761719,245.436926,0.834752,244.621052
0.452200,12.000000,0.812988,230.097118,0.834201,244.635437
0.452400,12.000000,0.834961,245.436926,0.833651,244.649801
0.452600,12.000000,0.827637,245.436926,0.833102,244.664145
0.452800,12.000000,0.849609,245.436926,0.832553,244.678467
0.453000,12.000000,0.856934,245.436926,0.832005,244.692770
0.453200,12.000000,0.849609,245.436926,0.831458,244.707051
0.453400,12.000000,0.827637,245.436926,0.830912,244.721312
0.453600,12.000000,0.776367,245.436926,0.830366,244.735552
0.453800,12.000000,0.812988,245.436926,0.829821,244.749772
0.454000,12.000000,0.842285,245.436926,0.829278,244.763972
0.454200,12.000000,0.798340,245.436926,0.828734,244.778150
0.454400,12.000000,0.849609,245.436926,0.828192,244.792309
0.454600,12.000000,0.856934,245.436926,0.827650,244.806447
0.454800,12.000000,0.827637,245.436926,0.827110,244.820564
0.455000,12.000000,0.732422,245.436926,0.826570,244.834662
0.455200,12.000000,0.791016,245.436926,0.826030,244.848739
0.455400,12.000000,0.878906,245.436926,0.825492,244.862795
0.455600,12.000000,0.805664,245.436926,0.824954,244.876832
0.455800,12.000000,0.761719,245.436926,0.824417,244.890848
0.456000,12.000000,0.864258,245.436926,0.823881,244.904844
0.456200,12.000000,0.820312,245.436926,0.823346,244.918819
0.456400,12.000000,0.856934,245.436926,0.822811,244.932775
0.456600,12.000000,0.827637,245.436926,0.822278,244.946710
0.456800,12.000000,0.834961,245.436926,0.821744,244.960626
0.457000,12.000000,0.834961,230.097118,0.821212,244.974521
0.457200,12.000000,0.842285,245.436926,0.820681,244.988396
0.457400,12.000000,0.886230,245.436926,0.820150,245.002252
0.457600,12.000000,0.849609,245.436926,0.819620,245.016087
0.457800,12.000000,0.769043,245.436926,0.819091,245.029902
0.458000,12.000000,0.834961,245.436926,0.818562,245.043698
0.458200,12.000000,0.849609,245.436926,0.818035,245.057473
0.458400,12.000000,0.856934,245.436926,0.817508,245.071229
0.458600,12.000000,0.805664,245.436926,0.816982,245.084965
0.458800,12.000000,0.849609,245.436926,0.816456,245.098681
0.459000,12.000000,0.842285,245.436926,0.815931,245.112377
0.459200,12.000000,0.893555,245.436926,0.815408,245.126053
0.459400,12.000000,0.791016,245.436926,0.814884,245.139710
0.459600,12.000000,0.798340,245.436926,0.814362,245.153347
0.459800,12.000000,0.805664,245.436926,0.813840,245.166964
0.460000,12.000000,0.798340,245.436926,0.813320,245.180562
0.460200,12.000000,0.783691,245.436926,0.812799,245.194140
0.460400,12.000000,0.732422,245.436926,0.812280,245.207699
0.460600,12.000000,0.798340,245.436926,0.811761,245.221238
0.460800,12.000000,0.820312,245.436926,0.811244,245.234757
0.461000,12.000000,0.798340,245.436926,0.810726,245.248257
0.461200,12.000000,0.871582,245.436926,0.810210,245.261738
0.461400,12.000000,0.812988,245.436926,0.809694,245.275199
0.461600,12.000000,0.849609,245.436926,0.809179,245.288641
0.461800,12.000000,0.812988,245.436926,0.808665,245.302063
0.462000,12.000000,0.834961,245.436926,0.808152,245.315466
0.462200,12.000000,0.812988,245.436926,0.807639,245.328850
0.462400,12.000000,0.849609,245.436926,0.807127,245.342214
0.462600,12.000000,0.805664,245.436926,0.806616,245.355559
0.462800,12.000000,0.820312,245.436926,0.806106,245.368885
0.463000,12.000000,0.812988,245.436926,0.805596,245.382191
0.463200,12.000000,0.798340,245.436926,0.805087,245.395479
0.463400,12.000000,0.820312,245.436926,0.804579,245.408747
0.463600,12.000000,0.871582,245.436926,0.804071,245.421996
0.463800,12.000000,0.798340,245.436926,0.803564,245.435226
0.464000,12.000000,0.812988,245.436926,0.803058,245.448437
0.464200,12.000000,0.842285,245.436926,0.802553,245.461629
0.464400,12.000000,0.834961,245.436926,0.802048,245.474802
0.464600,12.000000,0.798340,245.436926,0.801545,245.487956
0.464800,12.000000,0.732422,245.436926,0.801041,245.501091
0.465000,12.000000,0.812988,245.436926,0.800539,245.514207
0.465200,12.000000,0.732422,245.436926,0.800037,245.527304
0.465400,12.000000,0.842285,245.436926,0.799536,245.540382
0.465600,12.000000,0.805664,245.436926,0.799036,245.553441
0.465800,12.000000,0.827637,245.436926,0.798536,245.566481
0.466000,12.000000,0.769043,245.436926,0.798038,245.579503
0.466200,12.000000,0.754395,245.436926,0.797540,245.592506
0.466400,12.000000,0.805664,245.436926,0.797042,245.605490
0.466600,12.000000,0.798340,245.436926,0.796546,245.618456
0.466800,12.000000,0.783691,245.436926,0.796050,245.631402
0.467000,12.000000,0.798340,245.436926,0.795554,245.644330
0.467200,12.000000,0.878906,245.436926,0.795060,245.657240
0.467400,12.000000,0.820312,245.436926,0.794566,245.670131
0.467600,12.000000,0.827637,245.436926,0.794073,245.683003
0.467800,12.000000,0.820312,245.436926,0.793581,245.695856
0.468000,12.000000,0.834961,245.436926,0.793089,245.708691
0.468200,12.000000,0.783691,245.436926,0.792598,245.721508
0.468400,12.000000,0.732422,245.436926,0.792108,245.734306
0.468600,12.000000,0.783691,245.436926,0.791618,245.747086
0.468800,12.000000,0.812988,245.436926,0.791129,245.759847
0.469000,12.000000,0.761719,245.436926,0.790641,245.772590
0.469200,12.000000,0.783691,245.436926,0.790154,245.785314
0.469400,12.000000,0.769043,245.436926,0.789667,245.798020
0.469600,12.000000,0.834961,245.436926,0.789181,245.810708
0.469800,12.000000,0.812988,245.436926,0.788696,245.823378
0.470000,12.000000,0.805664,245.436926,0.788211,245.836029
0.470200,12.000000,0.805664,245.436926,0.787727,245.848662
0.470400,12.000000,0.783691,245.436926,0.787244,245.861277
0.470600,12.000000,0.791016,245.436926,0.786762,245.873873
0.470800,12.000000,0.747070,245.436926,0.786280,245.886452
0.471000,12.000000,0.717773,260.776734,0.785799,245.899012
0.471200,12.000000,0.791016,245.436926,0.785318,245.911554
0.471400,12.000000,0.791016,245.436926,0.784838,245.924078
0.471600,12.000000,0.820312,245.436926,0.784359,245.936584
0.471800,12.000000,0.827637,245.436926,0.783881,245.949072
0.472000,12.000000,0.827637,245.436926,0.783403,245.961542
0.472200,12.000000,0.754395,245.436926,0.782926,245.973994
0.472400,12.000000,0.769043,245.436926,0.782450,245.986428
0.472600,12.000000,0.798340,245.436926,0.781974,245.998844
0.472800,12.000000,0.856934,245.436926,0.781499,246.011243
0.473000,12.000000,0.827637,245.436926,0.781025,246.023623
0.473200,12.000000,0.812988,245.436926,0.780552,246.035985
0.473400,12.000000,0.769043,245.436926,0.780079,246.048330
0.473600,12.000000,0.754395,245.436926,0.779607,246.060657
0.473800,12.000000,0.805664,245.436926,0.779135,246.072966
0.474000,12.000000,0.747070,245.436926,0.778664,246.085257
0.474200,12.000000,0.769043,245.436926,0.778194,246.097531
0.474400,12.000000,0.776367,245.436926,0.777725,246.109787
0.474600,12.000000,0.827637,245.436926,0.777256,246.122025
0.474800,12.000000,0.769043,245.436926,0.776788,246.134246
0.475000,12.000000,0.703125,245.436926,0.776320,246.146448
0.475200,12.000000,0.791016,245.436926,0.775853,246.158634
0.475400,12.000000,0.754395,245.436926,0.775387,246.170802
0.475600,12.000000,0.776367,245.436926,0.774922,246.182952
0.475800,12.000000,0.769043,245.436926,0.774457,246.195085
0.476000,12.000000,0.769043,260.776734,0.773993,246.207200
0.476200,12.000000,0.798340,245.436926,0.773530,246.219298
0.476400,12.000000,0.725098,245.436926,0.773067,246.231378
0.476600,12.000000,0.754395,245.436926,0.772605,246.243441
0.476800,12.000000,0.791016,245.436926,0.772143,246.255486
0.477000,12.000000,0.754395,245.436926,0.771683,246.267514
0.477200,12.000000,0.725098,245.436926,0.771223,246.279525
0.477400,12.000000,0.791016,245.436926,0.770763,246.291519
0.477600,12.000000,0.805664,245.436926,0.770304,246.303495
0.477800,12.000000,0.769043,245.436926,0.769846,246.315454
0.478000,12.000000,0.710449,245.436926,0.769389,246.327395
0.478200,12.000000,0.791016,245.436926,0.768932,246.339320
0.478400,12.000000,0.717773,245.436926,0.768476,246.351227
0.478600,12.000000,0.776367,245.436926,0.768020,246.363117
0.478800,12.000000,0.739746,245.436926,0.767566,246.374990
0.479000,12.000000,0.732422,245.436926,0.767112,246.386846
0.479200,12.000000,0.754395,245.436926,0.766658,246.398685
0.479400,12.000000,0.761719,245.436926,0.766205,246.410506
0.479600,12.000000,0.747070,260.776734,0.765753,246.422311
0.479800,12.000000,0.783691,245.436926,0.765301,246.434098
0.480000,12.000000,0.754395,245.436926,0.764851,246.445869
0.480200,12.000000,0.791016,245.436926,0.764400,246.457623
0.480400,12.000000,0.769043,245.436926,0.763951,246.469359
0.480600,12.000000,0.739746,245.436926,0.763502,246.481079
0.480800,12.000000,0.739746,245.436926,0.763054,246.492782
0.481000,12.000000,0.710449,245.436926,0.762606,246.504468
0.481200,12.000000,0.769043,245.436926,0.762159,246.516137
0.481400,12.000000,0.754395,245.436926,0.761713,246.527789
0.481600,12.000000,0.688477,245.436926,0.761267,246.539425
0.481800,12.000000,0.747070,245.436926,0.760822,246.551043
0.482000,12.000000,0.732422,245.436926,0.760377,246.562645
0.482200,12.000000,0.805664,245.436926,0.759934,246.574230
0.482400,12.000000,0.710449,260.776734,0.759490,246.585799
0.482600,12.000000,0.717773,245.436926,0.759048,246.597351
0.482800,12.000000,0.791016,245.436926,0.758606,246.608886
0.483000,12.000000,0.798340,245.436926,0.758165,246.620405
0.483200,12.000000,0.732422,245.436926,0.757724,246.631906
0.483400,12.000000,0.739746,245.436926,0.757284,246.643392
0.483600,12.000000,0.776367,245.436926,0.756845,246.654861
0.483800,12.000000,0.688477,245.436926,0.756406,246.666313
0.484000,12.000000,0.703125,245.436926,0.755968,246.677749
0.484200,12.000000,0.747070,245.436926,0.755531,246.689168
0.484400,12.000000,0.798340,245.436926,0.755094,246.700571
0.484600,12.000000,0.739746,245.436926,0.754658,246.711957
0.484800,12.000000,0.754395,245.436926,0.754222,246.723327
0.485000,12.000000,0.791016,260.776734,0.753787,246.734680
0.485200,12.000000,0.812988,245.436926,0.753353,246.746017
0.485400,12.000000,0.732422,245.436926,0.752919,246.757338
0.485600,12.000000,0.754395,245.436926,0.752486,246.768643
0.485800,12.000000,0.805664,245.436926,0.752054,246.779931
0.486000,12.000000,0.703125,245.436926,0.751622,246.791203
0.486200,12.000000,0.783691,245.436926,0.751191,246.802458
0.486400,12.000000,0.717773,245.436926,0.750760,246.813698
0.486600,12.000000,0.754395,245.436926,0.750331,246.824921
0.486800,12.000000,0.739746,245.436926,0.749901,246.836128
0.487000,12.000000,0.717773,245.436926,0.749473,246.847319
0.487200,12.000000,0.717773,260.776734,0.749045,246.858494
0.487400,12.000000,0.754395,245.436926,0.748617,246.869652
0.487600,12.000000,0.776367,245.436926,0.748190,246.880795
0.487800,12.000000,0.747070,245.436926,0.747764,246.891921
0.488000,12.000000,0.747070,245.436926,0.747338,246.903032
0.488200,12.000000,0.761719,245.436926,0.746913,246.914126
0.488400,12.000000,0.717773,245.436926,0.746489,246.925204
0.488600,12.000000,0.769043,245.436926,0.746065,246.936267
0.488800,12.000000,0.769043,245.436926,0.745642,246.947313
0.489000,12.000000,0.820312,245.436926,0.745220,246.958344
0.489200,12.000000,0.732422,260.776734,0.744798,246.969358
0.489400,12.000000,0.732422,245.436926,0.744376,246.980357
0.489600,12.000000,0.769043,245.436926,0.743956,246.991340
0.489800,12.000000,0.769043,245.436926,0.743536,247.002307
0.490000,12.000000,0.725098,245.436926,0.743116,247.013258
0.490200,12.000000,0.732422,245.436926,0.742697,247.024194
0.490400,12.000000,0.761719,245.436926,0.742279,247.035113
0.490600,12.000000,0.717773,245.436926,0.741861,247.046017
0.490800,12.000000,0.732422,245.436926,0.741444,247.056906
0.491000,12.000000,0.747070,245.436926,0.741028,247.067778
0.491200,12.000000,0.769043,260.776734,0.740612,247.078635
0.491400,12.000000,0.725098,245.436926,0.740196,247.089476
0.491600,12.000000,0.681152,245.436926,0.739782,247.100302
0.491800,12.000000,0.681152,245.436926,0.739368,247.111111
0.492000,12.000000,0.703125,245.436926,0.738954,247.121906
0.492200,12.000000,0.695801,245.436926,0.738541,247.132685
0.492400,12.000000,0.732422,245.436926,0.738129,247.143448
0.492600,12.000000,0.703125,245.436926,0.737717,247.154196
0.492800,12.000000,0.717773,245.436926,0.737306,247.164928
0.493000,12.000000,0.710449,260.776734,0.736896,247.175644
0.493200,12.000000,0.725098,245.436926,0.736486,247.186346
0.493400,12.000000,0.776367,245.436926,0.736076,247.197032
0.493600,12.000000,0.754395,245.436926,0.735668,247.207702
0.493800,12.000000,0.732422,245.436926,0.735260,247.218357
0.494000,12.000000,0.717773,245.436926,0.734852,247.228997
0.494200,12.000000,0.725098,245.436926,0.734445,247.239621
0.494400,12.000000,0.747070,245.436926,0.734039,247.250230
0.494600,12.000000,0.754395,245.436926,0.733633,247.260824
0.494800,12.000000,0.703125,260.776734,0.733228,247.271402
0.495000,12.000000,0.732422,245.436926,0.732823,247.281966
0.495200,12.000000,0.673828,245.436926,0.732419,247.292514
0.495400,12.000000,0.739746,245.436926,0.732015,247.303046
0.495600,12.000000,0.754395,245.436926,0.731613,247.313564
0.495800,12.000000,0.725098,245.436926,0.731210,247.324066
0.496000,12.000000,0.783691,245.436926,0.730809,247.334554
0.496200,12.000000,0.703125,245.436926,0.730407,247.345026
0.496400,12.000000,0.739746,260.776734,0.730007,247.355483
0.496600,12.000000,0.725098,245.436926,0.729607,247.365925
0.496800,12.000000,0.725098,245.436926,0.729207,247.376352
0.497000,12.000000,0.725098,245.436926,0.728809,247.386763
0.497200,12.000000,0.732422,245.436926,0.728410,247.397160
0.497400,12.000000,0.754395,245.436926,0.728013,247.407542
0.497600,12.000000,0.769043,245.436926,0.727615,247.417909
0.497800,12.000000,0.725098,245.436926,0.727219,247.428261
0.498000,12.000000,0.754395,260.776734,0.726823,247.438598
0.498200,12.000000,0.703125,245.436926,0.726428,247.448920
0.498400,12.000000,0.747070,245.436926,0.726033,247.459227
0.498600,12.000000,0.703125,245.436926,0.725638,247.469520
0.498800,12.000000,0.754395,245.436926,0.725245,247.479797
0.499000,12.000000,0.791016,245.436926,0.724852,247.490060
0.499200,12.000000,0.717773,245.436926,0.724459,247.500308
0.499400,12.000000,0.659180,260.776734,0.724067,247.510541
0.499600,12.000000,0.710449,245.436926,0.723676,247.520759
0.499800,12.000000,0.761719,245.436926,0.723285,247.530963
0.500000,12.000000,0.739746,245.436926,0.722895,247.541152
0.500200,12.000000,0.732422,245.436926,0.722505,247.551326
0.500400,12.000000,0.754395,245.436926,0.722116,247.561486
0.500600,12.000000,0.739746,245.436926,0.721727,247.571631
0.500800,12.000000,0.754395,245.436926,0.721339,247.581761
0.501000,12.000000,0.747070,260.776734,0.720951,247.591876
0.501200,12.000000,0.769043,245.436926,0.720565,247.601978
0.501400,12.000000,0.732422,245.436926,0.720178,247.612064
0.501600,12.000000,0.747070,245.436926,0.719792,247.622136
0.501800,12.000000,0.710449,245.436926,0.719407,247.632193
0.502000,12.000000,0.703125,245.436926,0.719022,247.642236
0.502200,12.000000,0.769043,245.436926,0.718638,247.652265
0.502400,12.000000,0.725098,260.776734,0.718255,247.662279
0.502600,12.000000,0.739746,245.436926,0.717872,247.672278
0.502800,12.000000,0.717773,245.436926,0.717489,247.682264
0.503000,12.000000,0.703125,245.436926,0.717107,247.692234
0.503200,12.000000,0.717773,245.436926,0.716726,247.702191
0.503400,12.000000,0.761719,245.436926,0.716345,247.712133
0.503600,12.000000,0.732422,245.436926,0.715965,247.722060
0.503800,12.000000,0.666504,260.776734,0.715585,247.731974
0.504000,12.000000,0.710449,245.436926,0.715206,247.741873
0.504200,12.000000,0.769043,245.436926,0.714827,247.751758
0.504400,12.000000,0.710449,245.436926,0.714449,247.761628
0.504600,12.000000,0.659180,245.436926,0.714071,247.771484
0.504800,12.000000,0.769043,245.436926,0.713694,247.781327
0.505000,12.000000,0.732422,260.776734,0.713318,247.791154
0.505200,12.000000,0.710449,245.436926,0.712942,247.800968
0.505400,12.000000,0.703125,245.436926,0.712567,247.810768
0.505600,12.000000,0.747070,245.436926,0.712192,247.820553
0.505800,12.000000,0.695801,245.436926,0.711817,247.830325
0.506000,12.000000,0.747070,245.436926,0.711444,247.840082
0.506200,12.000000,0.725098,245.436926,0.711070,247.849825
0.506400,12.000000,0.717773,260.776734,0.710698,247.859554
0.506600,12.000000,0.717773,245.436926,0.710326,247.869269
0.506800,12.000000,0.703125,245.436926,0.709954,247.878970
0.507000,12.000000,0.739746,245.436926,0.709583,247.888657
0.507200,12.000000,0.681152,245.436926,0.709212,247.898331
0.507400,12.000000,0.659180,245.436926,0.708842,247.907990
0.507600,12.000000,0.725098,260.776734,0.708473,247.917635
0.507800,12.000000,0.725098,245.436926,0.708104,247.927266
0.508000,12.000000,0.725098,245.436926,0.707736,247.936884
0.508200,12.000000,0.717773,245.436926,0.707368,247.946487
0.508400,12.000000,0.695801,245.436926,0.707000,247.956077
0.508600,12.000000,0.732422,245.436926,0.706634,247.965653
0.508800,12.000000,0.703125,260.776734,0.706267,247.975215
0.509000,12.000000,0.688477,245.436926,0.705902,247.984763
0.509200,12.000000,0.695801,245.436926,0.705536,247.994298
0.509400,12.000000,0.769043,245.436926,0.705172,248.003819
0.509600,12.000000,0.651855,245.436926,0.704807,248.013326
0.509800,12.000000,0.717773,245.436926,0.704444,248.022819
0.510000,12.000000,0.651855,260.776734,0.704081,248.032299
0.510200,12.000000,0.703125,245.436926,0.703718,248.041765
0.510400,12.000000,0.688477,245.436926,0.703356,248.051217
0.510600,12.000000,0.637207,245.436926,0.702994,248.060656
0.510800,12.000000,0.717773,245.436926,0.702633,248.070081
0.511000,12.000000,0.688477,245.436926,0.702273,248.079493
0.511200,12.000000,0.637207,260.776734,0.701913,248.088891
0.511400,12.000000,0.725098,245.436926,0.701553,248.098275
0.511600,12.000000,0.747070,245.436926,0.701194,248.107646
0.511800,12.000000,0.747070,245.436926,0.700836,248.117003
0.512000,12.000000,0.710449,245.436926,0.700478,248.126347
0.512200,12.000000,0.703125,245.436926,0.700121,248.135677
0.512400,12.000000,0.739746,260.776734,0.699764,248.144994
0.512600,12.000000,0.747070,245.436926,0.699407,248.154298
0.512800,12.000000,0.732422,245.436926,0.699051,248.163588
0.513000,12.000000,0.673828,245.436926,0.698696,248.172865
0.513200,12.000000,0.703125,245.436926,0.698341,248.182128
0.513400,12.000000,0.710449,260.776734,0.697987,248.191378
0.513600,12.000000,0.644531,245.436926,0.697633,248.200615
0.513800,12.000000,0.710449,245.436926,0.697280,248.209838
0.514000,12.000000,0.761719,245.436926,0.696927,248.219048
0.514200,12.000000,0.717773,245.436926,0.696575,248.228245
0.514400,12.000000,0.739746,245.436926,0.696223,248.237428
0.514600,12.000000,0.703125,260.776734,0.695872,248.246598
0.514800,12.000000,0.695801,245.436926,0.695521,248.255755
0.515000,12.000000,0.703125,245.436926,0.695171,248.264899
0.515200,12.000000,0.673828,245.436926,0.694821,248.274030
0.515400,12.000000,0.666504,245.436926,0.694472,248.283147
0.515600,12.000000,0.732422,260.776734,0.694123,248.292251
0.515800,12.000000,0.732422,245.436926,0.693775,248.301342
0.516000,12.000000,0.666504,245.436926,0.693427,248.310420
0.516200,12.000000,0.725098,245.436926,0.693080,248.319485
0.516400,12.000000,0.688477,245.436926,0.692733,248.328537
0.516600,12.000000,0.703125,245.436926,0.692387,248.337576
0.516800,12.000000,0.703125,260.776734,0.692041,248.346602
0.517000,12.000000,0.725098,245.436926,0.691696,248.355615
0.517200,12.000000,0.695801,245.436926,0.691351,248.364615
0.517400,12.000000,0.732422,245.436926,0.691007,248.373601
0.517600,12.000000,0.703125,245.436926,0.690663,248.382575
0.517800,12.000000,0.710449,260.776734,0.690320,248.391536
0.518000,12.000000,0.666504,245.436926,0.689977,248.400484
0.518200,12.000000,0.754395,245.436926,0.689635,248.409419
0.518400,12.000000,0.703125,245.436926,0.689293,248.418341
0.518600,12.000000,0.710449,245.436926,0.688952,248.427251
0.518800,12.000000,0.637207,260.776734,0.688611,248.436147
0.519000,12.000000,0.666504,245.436926,0.688270,248.445031
0.519200,12.000000,0.725098,245.436926,0.687931,248.453902
0.519400,12.000000,0.695801,245.436926,0.687591,248.462760
0.519600,12.000000,0.629883,245.436926,0.687252,248.471605
0.519800,12.000000,0.717773,260.776734,0.686914,248.480438
0.520000,12.000000,0.673828,245.436926,0.686576,248.489257
0.520200,12.000000,0.725098,245.436926,0.686239,248.498064
0.520400,12.000000,0.681152,245.436926,0.685902,248.506859
0.520600,12.000000,0.688477,245.436926,0.685566,248.515641
0.520800,12.000000,0.717773,260.776734,0.685230,248.524410
0.521000,12.000000,0.659180,245.436926,0.684894,248.533166
0.521200,12.000000,0.651855,245.436926,0.684559,248.541910
0.521400,12.000000,0.681152,245.436926,0.684225,248.550641
0.521600,12.000000,0.710449,245.436926,0.683891,248.559359
0.521800,12.000000,0.644531,260.776734,0.683557,248.568065
0.522000,12.000000,0.629883,245.436926,0.683224,248.576759
0.522200,12.000000,0.710449,245.436926,0.682892,248.585440
0.522400,12.000000,0.666504,245.436926,0.682560,248.594108
0.522600,12.000000,0.673828,245.436926,0.682228,248.602764
0.522800,12.000000,0.622559,260.776734,0.681897,248.611407
0.523000,12.000000,0.659180,245.436926,0.681567,248.620038
0.523200,12.000000,0.681152,245.436926,0.681236,248.628657
0.523400,12.000000,0.710449,245.436926,0.680907,248.637263
0.523600,12.000000,0.659180,245.436926,0.680578,248.645857
0.523800,12.000000,0.732422,260.776734,0.680249,248.654438
0.524000,12.000000,0.659180,245.436926,0.679921,248.663007
0.524200,12.000000,0.659180,245.436926,0.679593,248.671563
0.524400,12.000000,0.725098,245.436926,0.679266,248.680108
0.524600,12.000000,0.688477,260.776734,0.678939,248.688639
0.524800,12.000000,0.659180,245.436926,0.678612,248.697159
0.525000,12.000000,0.673828,245.436926,0.678287,248.705666
0.525200,12.000000,0.717773,245.436926,0.677961,248.714161
0.525400,12.000000,0.725098,245.436926,0.677636,248.722644
0.525600,12.000000,0.651855,260.776734,0.677312,248.731115
0.525800,12.000000,0.673828,245.436926,0.676988,248.739573
0.526000,12.000000,0.681152,245.436926,0.676664,248.748019
0.526200,12.000000,0.644531,245.436926,0.676341,248.756453
0.526400,12.000000,0.673828,245.436926,0.676018,248.764875
0.526600,12.000000,0.673828,260.776734,0.675696,248.773284
0.526800,12.000000,0.710449,245.436926,0.675375,248.781682
0.527000,12.000000,0.710449,245.436926,0.675053,248.790067
0.527200,12.000000,0.666504,245.436926,0.674733,248.798441
0.527400,12.000000,0.666504,260.776734,0.674412,248.806802
0.527600,12.000000,0.695801,245.436926,0.674093,248.815151
0.527800,12.000000,0.659180,245.436926,0.673773,248.823488
0.528000,12.000000,0.688477,245.436926,0.673454,248.831813
0.528200,12.000000,0.673828,245.436926,0.673136,248.840126
0.528400,12.000000,0.644531,260.776734,0.672818,248.848428
0.528600,12.000000,0.644531,245.436926,0.672500,248.856717
0.528800,12.000000,0.717773,245.436926,0.672183,248.864994
0.529000,12.000000,0.666504,245.436926,0.671867,248.873259
0.529200,12.000000,0.717773,260.776734,0.671551,248.881513
0.529400,12.000000,0.659180,245.436926,0.671235,248.889754
0.529600,12.000000,0.681152,245.436926,0.670920,248.897984
0.529800,12.000000,0.739746,245.436926,0.670605,248.906201
0.530000,12.000000,0.637207,245.436926,0.670290,248.914407
0.530200,12.000000,0.615234,260.776734,0.669977,248.922601
0.530400,12.000000,0.710449,245.436926,0.669663,248.930783
0.530600,12.000000,0.644531,245.436926,0.669350,248.938954
0.530800,12.000000,0.666504,245.436926,0.669038,248.947112
0.531000,12.000000,0.651855,260.776734,0.668726,248.955259
0.531200,12.000000,0.673828,245.436926,0.668414,248.963394
0.531400,12.000000,0.637207,245.436926,0.668103,248.971518
0.531600,12.000000,0.659180,245.436926,0.667792,248.979629
0.531800,12.000000,0.681152,260.776734,0.667482,248.987729
0.532000,12.000000,0.637207,245.436926,0.667172,248.995818
0.532200,12.000000,0.644531,245.436926,0.666863,249.003894
0.532400,12.000000,0.659180,245.436926,0.666554,249.011959
0.532600,12.000000,0.622559,245.436926,0.666245,249.020013
0.532800,12.000000,0.651855,260.776734,0.665937,249.028054
0.533000,12.000000,0.666504,245.436926,0.665629,249.036085
0.533200,12.000000,0.651855,245.436926,0.665322,249.044103
0.533400,12.000000,0.659180,245.436926,0.665016,249.052110
0.533600,12.000000,0.666504,260.776734,0.664709,249.060106
0.533800,12.000000,0.644531,245.436926,0.664403,249.068090
0.534000,12.000000,0.688477,245.436926,0.664098,249.076062
0.534200,12.000000,0.710449,245.436926,0.663793,249.084023
0.534400,12.000000,0.651855,260.776734,0.663489,249.091972
0.534600,12.000000,0.681152,245.436926,0.663185,249.099910
0.534800,12.000000,0.659180,245.436926,0.662881,249.107837
0.535000,12.000000,0.673828,245.436926,0.662578,249.115752
0.535200,12.000000,0.710449,260.776734,0.662275,249.123656
0.535400,12.000000,0.673828,245.436926,0.661973,249.131548
0.535600,12.000000,0.607910,245.436926,0.661671,249.139429
0.535800,12.000000,0.673828,245.436926,0.661369,249.147298
0.536000,12.000000,0.695801,245.436926,0.661068,249.155157
0.536200,12.000000,0.651855,260.776734,0.660768,249.163003
0.536400,12.000000,0.688477,245.436926,0.660468,249.170839
0.536600,12.000000,0.637207,245.436926,0.660168,249.178663
0.536800,12.000000,0.615234,245.436926,0.659869,249.186476
0.537000,12.000000,0.666504,260.776734,0.659570,249.194278
0.537200,12.000000,0.607910,245.436926,0.659271,249.202068
0.537400,12.000000,0.651855,245.436926,0.658973,249.209848
0.537600,12.000000,0.695801,245.436926,0.658676,249.217616
0.537800,12.000000,0.600586,260.776734,0.658379,249.225372
0.538000,12.000000,0.622559,245.436926,0.658082,249.233118
0.538200,12.000000,0.629883,245.436926,0.657786,249.240852
0.538400,12.000000,0.659180,245.436926,0.657490,249.248576
0.538600,12.000000,0.644531,260.776734,0.657194,249.256288
0.538800,12.000000,0.695801,245.436926,0.656899,249.263989
0.539000,12.000000,0.688477,245.436926,0.656605,249.271679
0.539200,12.000000,0.673828,245.436926,0.656311,249.279358
0.539400,12.000000,0.659180,260.776734,0.656017,249.287025
0.539600,12.000000,0.666504,245.436926,0.655724,249.294682
0.539800,12.000000,0.629883,245.436926,0.655431,249.302328
0.540000,12.000000,0.681152,245.436926,0.655138,249.309963
0.540200,12.000000,0.622559,260.776734,0.654846,249.317586
0.540400,12.000000,0.681152,245.436926,0.654555,249.325199
0.540600,12.000000,0.688477,245.436926,0.654263,249.332800
0.540800,12.000000,0.659180,245.436926,0.653973,249.340391
0.541000,12.000000,0.651855,260.776734,0.653682,249.347971
0.541200,12.000000,0.666504,245.436926,0.653392,249.355540
0.541400,12.000000,0.563965,245.436926,0.653103,249.363098
0.541600,12.000000,0.659180,245.436926,0.652814,249.370645
0.541800,12.000000,0.651855,260.776734,0.652525,249.378181
0.542000,12.000000,0.651855,245.436926,0.652237,249.385706
0.542200,12.000000,0.673828,245.436926,0.651949,249.393221
0.542400,12.000000,0.651855,260.776734,0.651662,249.400724
0.542600,12.000000,0.615234,245.436926,0.651375,249.408217
0.542800,12.000000,0.644531,245.436926,0.651088,249.415699
0.543000,12.000000,0.651855,245.436926,0.650802,249.423170
0.543200,12.000000,0.651855,260.776734,0.650516,249.430630
0.543400,12.000000,0.651855,245.436926,0.650231,249.438080
0.543600,12.000000,0.681152,245.436926,0.649946,249.445519
0.543800,12.000000,0.615234,245.436926,0.649661,249.452947
0.544000,12.000000,0.651855,260.776734,0.649377,249.460365
0.544200,12.000000,0.688477,245.436926,0.649093,249.467771
0.544400,12.000000,0.593262,245.436926,0.648810,249.475167
0.544600,12.000000,0.651855,245.436926,0.648527,249.482553
0.544800,12.000000,0.629883,260.776734,0.648245,249.489928
0.545000,12.000000,0.637207,245.436926,0.647962,249.497292
0.545200,12.000000,0.622559,245.436926,0.647681,249.504645
0.545400,12.000000,0.644531,245.436926,0.647399,249.511988
0.545600,12.000000,0.703125,260.776734,0.647119,249.519320
0.545800,12.000000,0.607910,245.436926,0.646838,249.526642
0.546000,12.000000,0.607910,245.436926,0.646558,249.533953
0.546200,12.000000,0.607910,245.436926,0.646278,249.541254
0.546400,12.000000,0.695801,260.776734,0.645999,249.548544
0.546600,12.000000,0.629883,245.436926,0.645720,249.555824
0.546800,12.000000,0.644531,245.436926,0.645442,249.563093
0.547000,12.000000,0.629883,260.776734,0.645164,249.570352
0.547200,12.000000,0.615234,245.436926,0.644886,249.577600
0.547400,12.000000,0.637207,245.436926,0.644609,249.584837
0.547600,12.000000,0.717773,245.436926,0.644332,249.592065
0.547800,12.000000,0.688477,260.776734,0.644056,249.599282
0.548000,12.000000,0.615234,245.436926,0.643780,249.606488
0.548200,12.000000,0.666504,245.436926,0.643504,249.613684
0.548400,12.000000,0.615234,245.436926,0.643229,249.620870
0.548600,12.000000,0.593262,260.776734,0.642954,249.628045
0.548800,12.000000,0.673828,245.436926,0.642679,249.635210
0.549000,12.000000,0.673828,245.436926,0.642405,249.642365
0.549200,12.000000,0.673828,260.776734,0.642132,249.649509
0.549400,12.000000,0.629883,245.436926,0.641858,249.656643
0.549600,12.000000,0.637207,245.436926,0.641585,249.663767
0.549800,12.000000,0.666504,245.436926,0.641313,249.670880
0.550000,12.000000,0.651855,260.776734,0.641041,249.677983
0.550200,12.000000,0.629883,245.436926,0.640769,249.685076
0.550400,12.000000,0.593262,245.436926,0.640498,249.692159
0.550600,12.000000,0.644531,245.436926,0.640227,249.699232
0.550800,12.000000,0.673828,260.776734,0.639956,249.706294
0.551000,12.000000,0.600586,245.436926,0.639686,249.713346
0.551200,12.000000,0.659180,245.436926,0.639416,249.720388
0.551400,12.000000,0.651855,260.776734,0.639147,249.727420
0.551600,12.000000,0.659180,245.436926,0.638878,249.734441
0.551800,12.000000,0.666504,245.436926,0.638610,249.741453
0.552000,12.000000,0.615234,245.436926,0.638341,249.748454
0.552200,12.000000,0.585938,260.776734,0.638074,249.755446
0.552400,12.000000,0.622559,245.436926,0.637806,249.762427
0.552600,12.000000,0.666504,245.436926,0.637539,249.769398
0.552800,12.000000,0.622559,260.776734,0.637272,249.776359
0.553000,12.000000,0.615234,245.436926,0.637006,249.783311
0.553200,12.000000,0.578613,245.436926,0.636740,249.790252
0.553400,12.000000,0.688477,245.436926,0.636475,249.797183
0.553600,12.000000,0.659180,260.776734,0.636210,249.804104
0.553800,12.000000,0.659180,245.436926,0.635945,249.811015
0.554000,12.000000,0.666504,245.436926,0.635681,249.817916
0.554200,12.000000,0.651855,260.776734,0.635417,249.824807
0.554400,12.000000,0.629883,245.436926,0.635153,249.831688
0.554600,12.000000,0.629883,245.436926,0.634890,249.838560
0.554800,12.000000,0.622559,245.436926,0.634627,249.845421
0.555000,12.000000,0.710449,260.776734,0.634364,249.852273
0.555200,12.000000,0.651855,245.436926,0.634102,249.859114
0.555400,12.000000,0.622559,245.436926,0.633841,249.865946
0.555600,12.000000,0.644531,260.776734,0.633579,249.872768
0.555800,12.000000,0.600586,245.436926,0.633318,249.879580
0.556000,12.000000,0.681152,245.436926,0.633058,249.886382
0.556200,12.000000,0.615234,245.436926,0.632798,249.893175
0.556400,12.000000,0.644531,260.776734,0.632538,249.899957
0.556600,12.000000,0.666504,245.436926,0.632278,249.906730
0.556800,12.000000,0.644531,245.436926,0.632019,249.913493
0.557000,12.000000,0.637207,260.776734,0.631761,249.920247
0.557200,12.000000,0.629883,245.436926,0.631502,249.926990
0.557400,12.000000,0.629883,245.436926,0.631244,249.933724
0.557600,12.000000,0.615234,260.776734,0.630987,249.940448
0.557800,12.000000,0.615234,245.436926,0.630730,249.947163
0.558000,12.000000,0.673828,245.436926,0.630473,249.953868
0.558200,12.000000,0.629883,245.436926,0.630216,249.960563
0.558400,12.000000,0.607910,260.776734,0.629960,249.967248
0.558600,12.000000,0.615234,245.436926,0.629704,249.973924
0.558800,12.000000,0.659180,245.436926,0.629449,249.980590
0.559000,12.000000,0.651855,260.776734,0.629194,249.987247
0.559200,12.000000,0.644531,245.436926,0.628940,249.993894
0.559400,12.000000,0.622559,245.436926,0.628685,250.000532
0.559600,12.000000,0.644531,245.436926,0.628431,250.007159
0.559800,12.000000,0.607910,260.776734,0.628178,250.013778
0.560000,12.000000,0.622559,245.436926,0.627925,250.020386
0.560200,12.000000,0.659180,245.436926,0.627672,250.026986
0.560400,12.000000,0.651855,260.776734,0.627419,250.033575
0.560600,12.000000,0.600586,245.436926,0.627167,250.040156
0.560800,12.000000,0.600586,245.436926,0.626916,250.046726
0.561000,12.000000,0.629883,260.776734,0.626664,250.053287
0.561200,12.000000,0.681152,245.436926,0.626413,250.059839
0.561400,12.000000,0.571289,245.436926,0.626163,250.066382
0.561600,12.000000,0.637207,245.436926,0.625913,250.072915
0.561800,12.000000,0.585938,260.776734,0.625663,250.079438
0.562000,12.000000,0.607910,245.436926,0.625413,250.085952
0.562200,12.000000,0.615234,245.436926,0.625164,250.092457
0.562400,12.000000,0.615234,260.776734,0.624915,250.098952
0.562600,12.000000,0.607910,245.436926,0.624667,250.105438
0.562800,12.000000,0.622559,245.436926,0.624419,250.111915
0.563000,12.000000,0.607910,260.776734,0.624171,250.118382
0.563200,12.000000,0.578613,245.436926,0.623923,250.124840
0.563400,12.000000,0.644531,245.436926,0.623676,250.131288
0.563600,12.000000,0.644531,260.776734,0.623430,250.137728
0.563800,12.000000,0.651855,245.436926,0.623184,250.144158
0.564000,12.000000,0.578613,245.436926,0.622938,250.150578
0.564200,12.000000,0.629883,245.436926,0.622692,250.156990
0.564400,12.000000,0.644531,260.776734,0.622447,250.163392
0.564600,12.000000,0.593262,245.436926,0.622202,250.169785
0.564800,12.000000,0.622559,245.436926,0.621957,250.176169
0.565000,12.000000,0.615234,260.776734,0.621713,250.182543
0.565200,12.000000,0.673828,245.436926,0.621469,250.188909
0.565400,12.000000,0.681152,245.436926,0.621226,250.195265
0.565600,12.000000,0.571289,260.776734,0.620983,250.201612
0.565800,12.000000,0.695801,245.436926,0.620740,250.207950
0.566000,12.000000,0.593262,245.436926,0.620497,250.214279
0.566200,12.000000,0.651855,260.776734,0.620255,250.220598
0.566400,12.000000,0.651855,245.436926,0.620014,250.226909
0.566600,12.000000,0.593262,245.436926,0.619772,250.233210
0.566800,12.000000,0.637207,245.436926,0.619531,250.239503
0.567000,12.000000,0.615234,260.776734,0.619291,250.245786
0.567200,12.000000,0.637207,245.436926,0.619050,250.252060
0.567400,12.000000,0.622559,245.436926,0.618810,250.258325
0.567600,12.000000,0.651855,260.776734,0.618571,250.264581
0.567800,12.000000,0.622559,245.436926,0.618331,250.270829
0.568000,12.000000,0.615234,245.436926,0.618092,250.277067
0.568200,12.000000,0.651855,260.776734,0.617854,250.283296
0.568400,12.000000,0.637207,245.436926,0.617615,250.289516
0.568600,12.000000,0.637207,245.436926,0.617377,250.295727
0.568800,12.000000,0.600586,260.776734,0.617140,250.301929
0.569000,12.000000,0.585938,245.436926,0.616903,250.308122
0.569200,12.000000,0.600586,245.436926,0.616666,250.314307
0.569400,12.000000,0.600586,260.776734,0.616429,250.320482
0.569600,12.000000,0.637207,245.436926,0.616193,250.326649
0.569800,12.000000,0.644531,245.436926,0.615957,250.332806
0.570000,12.000000,0.607910,260.776734,0.615722,250.338955
0.570200,12.000000,0.659180,245.436926,0.615486,250.345095
0.570400,12.000000,0.659180,245.436926,0.615252,250.351226
0.570600,12.000000,0.622559,245.436926,0.615017,250.357348
0.570800,12.000000,0.593262,260.776734,0.614783,250.363461
0.571000,12.000000,0.659180,245.436926,0.614549,250.369566
0.571200,12.000000,0.615234,245.436926,0.614315,250.375661
0.571400,12.000000,0.615234,260.776734,0.614082,250.381748
0.571600,12.000000,0.600586,245.436926,0.613849,250.387827
0.571800,12.000000,0.585938,245.436926,0.613617,250.393896
0.572000,12.000000,0.571289,260.776734,0.613385,250.399957
0.572200,12.000000,0.629883,245.436926,0.613153,250.406008
0.572400,12.000000,0.585938,245.436926,0.612922,250.412052
0.572600,12.000000,0.703125,260.776734,0.612690,250.418086
0.572800,12.000000,0.578613,245.436926,0.612460,250.424112
0.573000,12.000000,0.571289,245.436926,0.612229,250.430129
0.573200,12.000000,0.629883,260.776734,0.611999,250.436137
0.573400,12.000000,0.659180,245.436926,0.611769,250.442137
0.573600,12.000000,0.615234,245.436926,0.611540,250.448128
0.573800,12.000000,0.629883,260.776734,0.611310,250.454110
0.574000,12.000000,0.556641,245.436926,0.611082,250.460084
0.574200,12.000000,0.593262,245.436926,0.610853,250.466049
0.574400,12.000000,0.578613,260.776734,0.610625,250.472006
0.574600,12.000000,0.556641,245.436926,0.610397,250.477954
0.574800,12.000000,0.615234,245.436926,0.610170,250.483893
0.575000,12.000000,0.541992,260.776734,0.609942,250.489824
0.575200,12.000000,0.571289,245.436926,0.609715,250.495747
0.575400,12.000000,0.593262,245.436926,0.609489,250.501660
0.575600,12.000000,0.585938,260.776734,0.609263,250.507566
0.575800,12.000000,0.622559,245.436926,0.609037,250.513462
0.576000,12.000000,0.615234,245.436926,0.608811,250.519351
0.576200,12.000000,0.637207,260.776734,0.608586,250.525230
0.576400,12.000000,0.629883,245.436926,0.608361,250.531102
0.576600,12.000000,0.644531,245.436926,0.608137,250.536964
0.576800,12.000000,0.607910,260.776734,0.607912,250.542819
0.577000,12.000000,0.615234,245.436926,0.607688,250.548665
0.577200,12.000000,0.622559,245.436926,0.607465,250.554502
0.577400,12.000000,0.607910,260.776734,0.607242,250.560331
0.577600,12.000000,0.593262,245.436926,0.607019,250.566152
0.577800,12.000000,0.593262,245.436926,0.606796,250.571964
0.578000,12.000000,0.578613,260.776734,0.606574,250.577768
0.578200,12.000000,0.622559,245.436926,0.606352,250.583563
0.578400,12.000000,0.600586,245.436926,0.606130,250.589350
0.578600,12.000000,0.585938,260.776734,0.605909,250.595129
0.578800,12.000000,0.585938,245.436926,0.605687,250.600900
0.579000,12.000000,0.571289,245.436926,0.605467,250.606662
0.579200,12.000000,0.637207,260.776734,0.605246,250.612416
0.579400,12.000000,0.607910,245.436926,0.605026,250.618161
0.579600,12.000000,0.578613,245.436926,0.604807,250.623898
0.579800,12.000000,0.629883,260.776734,0.604587,250.629627
0.580000,12.000000,0.585938,245.436926,0.604368,250.635348
0.580200,12.000000,0.563965,245.436926,0.604149,250.641060
0.580400,12.000000,0.637207,260.776734,0.603931,250.646765
0.580600,12.000000,0.585938,245.436926,0.603712,250.652461
0.580800,12.000000,0.593262,245.436926,0.603495,250.658148
0.581000,12.000000,0.607910,260.776734,0.603277,250.663828
0.581200,12.000000,0.637207,245.436926,0.603060,250.669499
0.581400,12.000000,0.600586,245.436926,0.602843,250.675163
0.581600,12.000000,0.563965,260.776734,0.602626,250.680818
0.581800,12.000000,0.615234,245.436926,0.602410,250.686465
0.582000,12.000000,0.585938,245.436926,0.602194,250.692103
0.582200,12.000000,0.659180,260.776734,0.601978,250.697734
0.582400,12.000000,0.600586,245.436926,0.601763,250.703356
0.582600,12.000000,0.534668,245.436926,0.601548,250.708971
0.582800,12.000000,0.615234,260.776734,0.601333,250.714577
0.583000,12.000000,0.659180,245.436926,0.601119,250.720175
0.583200,12.000000,0.644531,245.436926,0.600904,250.725766
0.583400,12.000000,0.659180,260.776734,0.600691,250.731348
0.583600,12.000000,0.571289,245.436926,0.600477,250.736922
0.583800,12.000000,0.629883,245.436926,0.600264,250.742488
0.584000,12.000000,0.578613,260.776734,0.600051,250.748046
0.584200,12.000000,0.607910,245.436926,0.599838,250.753596
0.584400,12.000000,0.563965,260.776734,0.599626,250.759137
0.584600,12.000000,0.578613,245.436926,0.599414,250.764671
0.584800,12.000000,0.578613,245.436926,0.599202,250.770197
0.585000,12.000000,0.622559,260.776734,0.598991,250.775715
0.585200,12.000000,0.622559,245.436926,0.598780,250.781225
0.585400,12.000000,0.607910,245.436926,0.598569,250.786728
0.585600,12.000000,0.556641,260.776734,0.598359,250.792222
0.585800,12.000000,0.585938,245.436926,0.598149,250.797708
0.586000,12.000000,0.578613,245.436926,0.597939,250.803186
0.586200,12.000000,0.622559,260.776734,0.597729,250.808657
0.586400,12.000000,0.629883,245.436926,0.597520,250.814119
0.586600,12.000000,0.629883,245.436926,0.597311,250.819574
0.586800,12.000000,0.571289,260.776734,0.597102,250.825021
0.587000,12.000000,0.512695,245.436926,0.596894,250.830460
0.587200,12.000000,0.541992,245.436926,0.596686,250.835891
0.587400,12.000000,0.637207,260.776734,0.596478,250.841314
0.587600,12.000000,0.585938,245.436926,0.596271,250.846730
0.587800,12.000000,0.571289,245.436926,0.596064,250.852137
0.588000,12.000000,0.644531,260.776734,0.595857,250.857537
0.588200,12.000000,0.637207,245.436926,0.595650,250.862929
0.588400,12.000000,0.593262,260.776734,0.595444,250.868314
0.588600,12.000000,0.585938,245.436926,0.595238,250.873690
0.588800,12.000000,0.593262,245.436926,0.595032,250.879059
0.589000,12.000000,0.600586,260.776734,0.594827,250.884420
0.589200,12.000000,0.644531,245.436926,0.594622,250.889773
0.589400,12.000000,0.607910,245.436926,0.594417,250.895119
0.589600,12.000000,0.615234,260.776734,0.594213,250.900457
0.589800,12.000000,0.629883,245.436926,0.594008,250.905787
0.590000,12.000000,0.556641,245.436926,0.593805,250.911109
0.590200,12.000000,0.615234,260.776734,0.593601,250.916424
0.590400,12.000000,0.585938,245.436926,0.593398,250.921731
0.590600,12.000000,0.520020,245.436926,0.593195,250.927031
0.590800,12.000000,0.527344,260.776734,0.592992,250.932323
0.591000,12.000000,0.563965,245.436926,0.592790,250.937607
0.591200,12.000000,0.607910,260.776734,0.592587,250.942883
0.591400,12.000000,0.593262,245.436926,0.592386,250.948152
0.591600,12.000000,0.600586,245.436926,0.592184,250.953414
0.591800,12.000000,0.651855,260.776734,0.591983,250.958668
0.592000,12.000000,0.556641,245.436926,0.591782,250.963914
0.592200,12.000000,0.593262,245.436926,0.591581,250.969153
0.592400,12.000000,0.600586,260.776734,0.591381,250.974384
0.592600,12.000000,0.571289,245.436926,0.591181,250.979607
0.592800,12.000000,0.593262,245.436926,0.590981,250.984823
0.593000,12.000000,0.541992,260.776734,0.590781,250.990032
0.593200,12.000000,0.629883,245.436926,0.590582,250.995233
0.593400,12.000000,0.571289,260.776734,0.590383,251.000426
0.593600,12.000000,0.651855,245.436926,0.590185,251.005612
0.593800,12.000000,0.585938,245.436926,0.589986,251.010791
0.594000,12.000000,0.622559,260.776734,0.589788,251.015962
0.594200,12.000000,0.585938,245.436926,0.589590,251.021126
0.594400,12.000000,0.585938,245.436926,0.589393,251.026282
0.594600,12.000000,0.571289,260.776734,0.589196,251.031431
0.594800,12.000000,0.593262,245.436926,0.588999,251.036572
0.595000,12.000000,0.600586,245.436926,0.588802,251.041706
0.595200,12.000000,0.563965,260.776734,0.588606,251.046832
0.595400,12.000000,0.585938,245.436926,0.588409,251.051951
0.595600,12.000000,0.571289,260.776734,0.588214,251.057063
0.595800,12.000000,0.659180,245.436926,0.588018,251.062167
0.596000,12.000000,0.585938,245.436926,0.587823,251.067264
0.596200,12.000000,0.637207,260.776734,0.587628,251.072354
0.596400,12.000000,0.578613,245.436926,0.587433,251.077436
0.596600,12.000000,0.593262,245.436926,0.587239,251.082511
0.596800,12.000000,0.549316,260.776734,0.587045,251.087579
0.597000,12.000000,0.571289,245.436926,0.586851,251.092639
0.597200,12.000000,0.593262,245.436926,0.586657,251.097692
0.597400,12.000000,0.637207,260.776734,0.586464,251.102738
0.597600,12.000000,0.593262,245.436926,0.586271,251.107777
0.597800,12.000000,0.629883,260.776734,0.586078,251.112808
0.598000,12.000000,0.607910,245.436926,0.585886,251.117832
0.598200,12.000000,0.637207,245.436926,0.585694,251.122849
0.598400,12.000000,0.585938,260.776734,0.585502,251.127858
0.598600,12.000000,0.659180,245.436926,0.585310,251.132860
0.598800,12.000000,0.571289,245.436926,0.585119,251.137855
0.599000,12.000000,0.563965,260.776734,0.584928,251.142843
0.599200,12.000000,0.549316,245.436926,0.584737,251.147824
0.599400,12.000000,0.651855,260.776734,0.584546,251.152797
0.599600,12.000000,0.607910,245.436926,0.584356,251.157764
0.599800,12.000000,0.571289,245.436926,0.584166,251.162723
0.600000,12.000000,0.622559,260.776734,0.583977,251.167675
0.600200,12.000000,0.607910,245.436926,0.583787,251.172620
0.600400,12.000000,0.644531,245.436926,0.583598,251.177558
0.600600,12.000000,0.534668,260.776734,0.583409,251.182488
0.600800,12.000000,0.578613,245.436926,0.583220,251.187412
0.601000,12.000000,0.571289,260.776734,0.583032,251.192328
0.601200,12.000000,0.520020,245.436926,0.582844,251.197237
0.601400,12.000000,0.615234,245.436926,0.582656,251.202140
0.601600,12.000000,0.571289,260.776734,0.582469,251.207035
0.601800,12.000000,0.607910,245.436926,0.582282,251.211923
0.602000,12.000000,0.651855,245.436926,0.582095,251.216804
0.602200,12.000000,0.571289,260.776734,0.581908,251.221678
0.602400,12.000000,0.571289,245.436926,0.581721,251.226545
0.602600,12.000000,0.585938,260.776734,0.581535,251.231405
0.602800,12.000000,0.607910,245.436926,0.581349,251.236258
0.603000,12.000000,0.563965,245.436926,0.581164,251.241104
0.603200,12.000000,0.563965,260.776734,0.580978,251.245943
0.603400,12.000000,0.615234,245.436926,0.580793,251.250775
0.603600,12.000000,0.593262,245.436926,0.580608,251.255600
0.603800,12.000000,0.520020,260.776734,0.580424,251.260418
0.604000,12.000000,0.541992,245.436926,0.580240,251.265229
0.604200,12.000000,0.622559,260.776734,0.580056,251.270033
0.604400,12.000000,0.593262,245.436926,0.579872,251.274830
0.604600,12.000000,0.556641,245.436926,0.579688,251.279621
0.604800,12.000000,0.571289,260.776734,0.579505,251.284404
0.605000,12.000000,0.578613,245.436926,0.579322,251.289181
0.605200,12.000000,0.600586,245.436926,0.579139,251.293950
0.605400,12.000000,0.534668,260.776734,0.578957,251.298713
0.605600,12.000000,0.556641,245.436926,0.578775,251.303469
0.605800,12.000000,0.585938,260.776734,0.578593,251.308218
0.606000,12.000000,0.578613,245.436926,0.578411,251.312960
0.606200,12.000000,0.593262,245.436926,0.578230,251.317696
0.606400,12.000000,0.541992,260.776734,0.578049,251.322424
0.606600,12.000000,0.585938,245.436926,0.577868,251.327146
0.606800,12.000000,0.607910,260.776734,0.577687,251.331861
0.607000,12.000000,0.593262,245.436926,0.577507,251.336569
0.607200,12.000000,0.578613,245.436926,0.577327,251.341270
0.607400,12.000000,0.571289,260.776734,0.577147,251.345965
0.607600,12.000000,0.549316,245.436926,0.576967,251.350652
0.607800,12.000000,0.571289,245.436926,0.576788,251.355333
0.608000,12.000000,0.615234,260.776734,0.576609,251.360008
0.608200,12.000000,0.571289,245.436926,0.576430,251.364675
0.608400,12.000000,0.549316,260.776734,0.576252,251.369336
0.608600,12.000000,0.563965,245.436926,0.576073,251.373990
0.608800,12.000000,0.578613,245.436926,0.575895,251.378637
0.609000,12.000000,0.563965,260.776734,0.575718,251.383278
0.609200,12.000000,0.593262,245.436926,0.575540,251.387912
0.609400,12.000000,0.593262,260.776734,0.575363,251.392539
0.609600,12.000000,0.600586,245.436926,0.575186,251.397160
0.609800,12.000000,0.615234,245.436926,0.575009,251.401774
0.610000,12.000000,0.607910,260.776734,0.574833,251.406381
0.610200,12.000000,0.549316,245.436926,0.574656,251.410982
0.610400,12.000000,0.549316,260.776734,0.574480,251.415576
0.610600,12.000000,0.571289,245.436926,0.574305,251.420163
0.610800,12.000000,0.563965,245.436926,0.574129,251.424744
0.611000,12.000000,0.541992,260.776734,0.573954,251.429318
0.611200,12.000000,0.563965,245.436926,0.573779,251.433886
0.611400,12.000000,0.556641,245.436926,0.573604,251.438447
0.611600,12.000000,0.556641,260.776734,0.573430,251.443001
0.611800,12.000000,0.563965,245.436926,0.573256,251.447549
0.612000,12.000000,0.607910,260.776734,0.573082,251.452090
0.612200,12.000000,0.578613,245.436926,0.572908,251.456625
0.612400,12.000000,0.644531,245.436926,0.572735,251.461153
0.612600,12.000000,0.578613,260.776734,0.572561,251.465675
0.612800,12.000000,0.563965,245.436926,0.572388,251.470190
0.613000,12.000000,0.571289,260.776734,0.572216,251.474699
0.613200,12.000000,0.578613,245.436926,0.572043,251.479201
0.613400,12.000000,0.585938,245.436926,0.571871,251.483696
0.613600,12.000000,0.637207,260.776734,0.571699,251.488186
0.613800,12.000000,0.549316,245.436926,0.571527,251.492668
0.614000,12.000000,0.600586,260.776734,0.571356,251.497144
0.614200,12.000000,0.578613,245.436926,0.571185,251.501614
0.614400,12.000000,0.527344,245.436926,0.571014,251.506078
0.614600,12.000000,0.593262,260.776734,0.570843,251.510534
0.614800,12.000000,0.607910,245.436926,0.570672,251.514985
0.615000,12.000000,0.541992,260.776734,0.570502,251.519429
0.615200,12.000000,0.571289,245.436926,0.570332,251.523867
0.615400,12.000000,0.520020,245.436926,0.570162,251.528298
0.615600,12.000000,0.534668,260.776734,0.569993,251.532723
0.615800,12.000000,0.600586,245.436926,0.569824,251.537141
0.616000,12.000000,0.556641,260.776734,0.569655,251.541553
0.616200,12.000000,0.534668,245.436926,0.569486,251.545959
0.616400,12.000000,0.578613,245.436926,0.569317,251.550358
0.616600,12.000000,0.556641,260.776734,0.569149,251.554751
0.616800,12.000000,0.556641,245.436926,0.568981,251.559138
0.617000,12.000000,0.593262,260.776734,0.568813,251.563518
0.617200,12.000000,0.534668,245.436926,0.568646,251.567892
0.617400,12.000000,0.541992,245.436926,0.568478,251.572260
0.617600,12.000000,0.571289,260.776734,0.568311,251.576622
0.617800,12.000000,0.600586,245.436926,0.568145,251.580977
0.618000,12.000000,0.607910,260.776734,0.567978,251.585326
0.618200,12.000000,0.549316,245.436926,0.567812,251.589668
0.618400,12.000000,0.593262,245.436926,0.567645,251.594005
0.618600,12.000000,0.541992,260.776734,0.567480,251.598335
0.618800,12.000000,0.622559,245.436926,0.567314,251.602659
0.619000,12.000000,0.534668,260.776734,0.567149,251.606976
0.619200,12.000000,0.607910,245.436926,0.566983,251.611288
0.619400,12.000000,0.549316,245.436926,0.566819,251.615593
0.619600,12.000000,0.629883,260.776734,0.566654,251.619892
0.619800,12.000000,0.585938,245.436926,0.566489,251.624185
0.620000,12.000000,0.534668,260.776734,0.566325,251.628471
0.620200,12.000000,0.549316,245.436926,0.566161,251.632751
0.620400,12.000000,0.585938,245.436926,0.565998,251.637026
0.620600,12.000000,0.600586,260.776734,0.565834,251.641294
0.620800,12.000000,0.563965,245.436926,0.565671,251.645556
0.621000,12.000000,0.563965,260.776734,0.565508,251.649811
0.621200,12.000000,0.585938,245.436926,0.565345,251.654061
0.621400,12.000000,0.571289,245.436926,0.565182,251.658305
0.621600,12.000000,0.527344,260.776734,0.565020,251.662542
0.621800,12.000000,0.541992,245.436926,0.564858,251.666773
0.622000,12.000000,0.571289,260.776734,0.564696,251.670998
0.622200,12.000000,0.600586,245.436926,0.564535,251.675217
0.622400,12.000000,0.615234,245.436926,0.564373,251.679430
0.622600,12.000000,0.585938,260.776734,0.564212,251.683637
0.622800,12.000000,0.571289,245.436926,0.564051,251.687838
0.623000,12.000000,0.585938,260.776734,0.563890,251.692033
0.623200,12.000000,0.541992,245.436926,0.563730,251.696222
0.623400,12.000000,0.556641,245.436926,0.563570,251.700404
0.623600,12.000000,0.541992,260.776734,0.563410,251.704581
0.623800,12.000000,0.527344,245.436926,0.563250,251.708752
0.624000,12.000000,0.571289,260.776734,0.563090,251.712916
0.624200,12.000000,0.571289,245.436926,0.562931,251.717075
0.624400,12.000000,0.585938,245.436926,0.562772,251.721228
0.624600,12.000000,0.578613,260.776734,0.562613,251.725374
0.624800,12.000000,0.571289,245.436926,0.562455,251.729515
0.625000,12.000000,0.578613,260.776734,0.562296,251.733650
0.625200,12.000000,0.563965,245.436926,0.562138,251.737778
0.625400,12.000000,0.571289,260.776734,0.561980,251.741901
0.625600,12.000000,0.541992,245.436926,0.561822,251.746018
0.625800,12.000000,0.571289,245.436926,0.561665,251.750129
0.626000,12.000000,0.578613,260.776734,0.561508,251.754234
0.626200,12.000000,0.541992,245.436926,0.561351,251.758333
0.626400,12.000000,0.563965,260.776734,0.561194,251.762426
0.626600,12.000000,0.541992,245.436926,0.561037,251.766513
0.626800,12.000000,0.541992,245.436926,0.560881,251.770595
0.627000,12.000000,0.527344,260.776734,0.560725,251.774670
0.627200,12.000000,0.600586,245.436926,0.560569,251.778740
0.627400,12.000000,0.593262,260.776734,0.560413,251.782803
0.627600,12.000000,0.578613,245.436926,0.560258,251.786861
0.627800,12.000000,0.622559,245.436926,0.560103,251.790913
0.628000,12.000000,0.556641,260.776734,0.559948,251.794959
0.628200,12.000000,0.651855,245.436926,0.559793,251.799000
0.628400,12.000000,0.549316,260.776734,0.559638,251.803034
0.628600,12.000000,0.563965,245.436926,0.559484,251.807063
0.628800,12.000000,0.549316,260.776734,0.559330,251.811086
0.629000,12.000000,0.571289,245.436926,0.559176,251.815103
0.629200,12.000000,0.585938,245.436926,0.559022,251.819114
0.629400,12.000000,0.556641,260.776734,0.558869,251.823120
0.629600,12.000000,0.615234,245.436926,0.558716,251.827119
0.629800,12.000000,0.563965,260.776734,0.558563,251.831113
0.630000,12.000000,0.563965,245.436926,0.558410,251.835101
0.630200,12.000000,0.527344,245.436926,0.558257,251.839084
0.630400,12.000000,0.571289,260.776734,0.558105,251.843061
0.630600,12.000000,0.556641,245.436926,0.557953,251.847032
0.630800,12.000000,0.541992,260.776734,0.557801,251.850997
0.631000,12.000000,0.534668,245.436926,0.557649,251.854956
0.631200,12.000000,0.637207,260.776734,0.557498,251.858910
0.631400,12.000000,0.549316,245.436926,0.557347,251.862858
0.631600,12.000000,0.512695,245.436926,0.557196,251.866801
0.631800,12.000000,0.534668,260.776734,0.557045,251.870737
0.632000,12.000000,0.556641,245.436926,0.556894,251.874668
0.632200,12.000000,0.571289,260.776734,0.556744,251.878594
0.632400,12.000000,0.571289,245.436926,0.556594,251.882514
0.632600,12.000000,0.578613,260.776734,0.556444,251.886428
0.632800,12.000000,0.534668,245.436926,0.556294,251.890336
0.633000,12.000000,0.563965,245.436926,0.556145,251.894239
0.633200,12.000000,0.527344,260.776734,0.555995,251.898136
0.633400,12.000000,0.534668,245.436926,0.555846,251.902028
0.633600,12.000000,0.527344,260.776734,0.555697,251.905913
0.633800,12.000000,0.520020,245.436926,0.555549,251.909794
0.634000,12.000000,0.585938,245.436926,0.555400,251.913669
0.634200,12.000000,0.578613,260.776734,0.555252,251.917538
0.634400,12.000000,0.585938,245.436926,0.555104,251.921401
0.634600,12.000000,0.556641,260.776734,0.554956,251.925259
0.634800,12.000000,0.578613,245.436926,0.554809,251.929112
0.635000,12.000000,0.505371,260.776734,0.554661,251.932959
0.635200,12.000000,0.578613,245.436926,0.554514,251.936800
0.635400,12.000000,0.556641,245.436926,0.554367,251.940636
0.635600,12.000000,0.571289,260.776734,0.554221,251.944466
0.635800,12.000000,0.563965,245.436926,0.554074,251.948291
0.636000,12.000000,0.527344,260.776734,0.553928,251.952110
0.636200,12.000000,0.505371,245.436926,0.553782,251.955924
0.636400,12.000000,0.534668,260.776734,0.553636,251.959732
0.636600,12.000000,0.571289,245.436926,0.553490,251.963535
0.636800,12.000000,0.571289,245.436926,0.553345,251.967332
0.637000,12.000000,0.512695,260.776734,0.553200,251.971124
0.637200,12.000000,0.520020,245.436926,0.553054,251.974910
0.637400,12.000000,0.534668,260.776734,0.552910,251.978691
0.637600,12.000000,0.541992,245.436926,0.552765,251.982466
0.637800,12.000000,0.512695,260.776734,0.552621,251.986236
0.638000,12.000000,0.512695,245.436926,0.552476,251.990001
0.638200,12.000000,0.527344,245.436926,0.552332,251.993760
0.638400,12.000000,0.556641,260.776734,0.552189,251.997513
0.638600,12.000000,0.520020,245.436926,0.552045,252.001262
0.638800,12.000000,0.549316,260.776734,0.551902,252.005004
0.639000,12.000000,0.585938,245.436926,0.551759,252.008742
0.639200,12.000000,0.512695,260.776734,0.551616,252.012474
0.639400,12.000000,0.541992,245.436926,0.551473,252.016201
0.639600,12.000000,0.578613,245.436926,0.551330,252.019922
0.639800,12.000000,0.541992,260.776734,0.551188,252.023638
0.640000,12.000000,0.534668,245.436926,0.551046,252.027348
0.640200,12.000000,0.585938,260.776734,0.550904,252.031054
0.640400,12.000000,0.541992,245.436926,0.550762,252.034753
0.640600,12.000000,0.585938,260.776734,0.550621,252.038448
0.640800,12.000000,0.563965,245.436926,0.550479,252.042137
0.641000,12.000000,0.541992,245.436926,0.550338,252.045821
0.641200,12.000000,0.563965,260.776734,0.550197,252.049500
0.641400,12.000000,0.556641,245.436926,0.550057,252.053173
0.641600,12.000000,0.578613,260.776734,0.549916,252.056841
0.641800,12.000000,0.534668,245.436926,0.549776,252.060504
0.642000,12.000000,0.549316,260.776734,0.549636,252.064161
0.642200,12.000000,0.549316,245.436926,0.549496,252.067813
0.642400,12.000000,0.571289,245.436926,0.549356,252.071460
0.642600,12.000000,0.520020,260.776734,0.549217,252.075102
0.642800,12.000000,0.578613,245.436926,0.549077,252.078738
0.643000,12.000000,0.563965,260.776734,0.548938,252.082369
0.643200,12.000000,0.512695,245.436926,0.548799,252.085995
0.643400,12.000000,0.585938,260.776734,0.548661,252.089616
0.643600,12.000000,0.615234,245.436926,0.548522,252.093231
0.643800,12.000000,0.578613,245.436926,0.548384,252.096841
0.644000,12.000000,0.593262,260.776734,0.548246,252.100446
0.644200,12.000000,0.549316,245.436926,0.548108,252.104046
0.644400,12.000000,0.498047,260.776734,0.547970,252.107641
0.644600,12.000000,0.490723,245.436926,0.547833,252.111230
0.644800,12.000000,0.556641,260.776734,0.547695,252.114815
0.645000,12.000000,0.527344,245.436926,0.547558,252.118394
0.645200,12.000000,0.520020,245.436926,0.547421,252.121968
0.645400,12.000000,0.541992,260.776734,0.547285,252.125536
0.645600,12.000000,0.563965,245.436926,0.547148,252.129100
0.645800,12.000000,0.505371,260.776734,0.547012,252.132659
0.646000,12.000000,0.534668,245.436926,0.546876,252.136212
0.646200,12.000000,0.593262,260.776734,0.546740,252.139760
0.646400,12.000000,0.512695,245.436926,0.546604,252.143303
0.646600,12.000000,0.571289,260.776734,0.546468,252.146841
0.646800,12.000000,0.534668,245.436926,0.546333,252.150374
0.647000,12.000000,0.563965,245.436926,0.546198,252.153902
0.647200,12.000000,0.578613,260.776734,0.546063,252.157425
0.647400,12.000000,0.571289,245.436926,0.545928,252.160942
0.647600,12.000000,0.571289,260.776734,0.545794,252.164455
0.647800,12.000000,0.512695,245.436926,0.545659,252.167963
0.648000,12.000000,0.578613,260.776734,0.545525,252.171465
0.648200,12.000000,0.520020,245.436926,0.545391,252.174962
0.648400,12.000000,0.556641,245.436926,0.545257,252.178455
0.648600,12.000000,0.549316,260.776734,0.545124,252.181942
0.648800,12.000000,0.556641,245.436926,0.544991,252.185424
0.649000,12.000000,0.556641,260.776734,0.544857,252.188902
0.649200,12.000000,0.520020,245.436926,0.544724,252.192374
0.649400,12.000000,0.505371,260.776734,0.544591,252.195841
0.649600,12.000000,0.571289,245.436926,0.544459,252.199303
0.649800,12.000000,0.549316,260.776734,0.544326,252.202761
0.650000,12.000000,0.578613,245.436926,0.544194,252.206213
0.650200,12.000000,0.541992,245.436926,0.544062,252.209660
0.650400,12.000000,0.505371,260.776734,0.543930,252.213103
0.650600,12.000000,0.571289,245.436926,0.543799,252.216540
0.650800,12.000000,0.534668,260.776734,0.543667,252.219972
0.651000,12.000000,0.556641,245.436926,0.543536,252.223400
0.651200,12.000000,0.527344,260.776734,0.543405,252.226822
0.651400,12.000000,0.593262,245.436926,0.543274,252.230240
0.651600,12.000000,0.520020,260.776734,0.543143,252.233653
0.651800,12.000000,0.534668,245.436926,0.543013,252.237060
0.652000,12.000000,0.549316,245.436926,0.542882,252.240463
0.652200,12.000000,0.512695,260.776734,0.542752,252.243861
0.652400,12.000000,0.549316,245.436926,0.542622,252.247254
0.652600,12.000000,0.593262,260.776734,0.542492,252.250642
0.652800,12.000000,0.527344,245.436926,0.542363,252.254026
0.653000,12.000000,0.556641,260.776734,0.542233,252.257404
0.653200,12.000000,0.461426,245.436926,0.542104,252.260777
0.653400,12.000000,0.541992,260.776734,0.541975,252.264146
0.653600,12.000000,0.534668,245.436926,0.541846,252.267510
0.653800,12.000000,0.520020,245.436926,0.541717,252.270869
0.654000,12.000000,0.571289,260.776734,0.541589,252.274223
0.654200,12.000000,0.534668,245.436926,0.541461,252.277572
0.654400,12.000000,0.534668,260.776734,0.541333,252.280916
0.654600,12.000000,0.527344,245.436926,0.541205,252.284256
0.654800,12.000000,0.483398,260.776734,0.541077,252.287591
0.655000,12.000000,0.505371,245.436926,0.540949,252.290921
0.655200,12.000000,0.571289,260.776734,0.540822,252.294246
0.655400,12.000000,0.476074,245.436926,0.540695,252.297566
0.655600,12.000000,0.520020,245.436926,0.540568,252.300882
0.655800,12.000000,0.527344,260.776734,0.540441,252.304193
0.656000,12.000000,0.593262,245.436926,0.540314,252.307499
0.656200,12.000000,0.563965,260.776734,0.540188,252.310800
0.656400,12.000000,0.520020,245.436926,0.540062,252.314096
0.656600,12.000000,0.578613,260.776734,0.539935,252.317388
0.656800,12.000000,0.520020,245.436926,0.539810,252.320675
0.657000,12.000000,0.571289,260.776734,0.539684,252.323957
0.657200,12.000000,0.498047,245.436926,0.539558,252.327235
0.657400,12.000000,0.571289,245.436926,0.539433,252.330508
0.657600,12.000000,0.527344,260.776734,0.539308,252.333776
0.657800,12.000000,0.505371,245.436926,0.539183,252.337039
0.658000,12.000000,0.534668,260.776734,0.539058,252.340298
0.658200,12.000000,0.549316,245.436926,0.538933,252.343552
0.658400,12.000000,0.527344,260.776734,0.538809,252.346801
0.658600,12.000000,0.556641,245.436926,0.538685,252.350046
0.658800,12.000000,0.520020,260.776734,0.538560,252.353285
0.659000,12.000000,0.556641,245.436926,0.538436,252.356521
0.659200,12.000000,0.549316,260.776734,0.538313,252.359751
0.659400,12.000000,0.534668,245.436926,0.538189,252.362977
0.659600,12.000000,0.527344,245.436926,0.538066,252.366198
0.659800,12.000000,0.541992,260.776734,0.537943,252.369415
0.660000,12.000000,0.556641,245.436926,0.537819,252.372627
0.660200,12.000000,0.600586,260.776734,0.537697,252.375834
0.660400,12.000000,0.563965,245.436926,0.537574,252.379037
0.660600,12.000000,0.563965,260.776734,0.537451,252.382235
0.660800,12.000000,0.629883,245.436926,0.537329,252.385429
0.661000,12.000000,0.549316,260.776734,0.537207,252.388618
0.661200,12.000000,0.549316,245.436926,0.537085,252.391802
0.661400,12.000000,0.556641,260.776734,0.536963,252.394981
0.661600,12.000000,0.505371,245.436926,0.536842,252.398157
0.661800,12.000000,0.520020,245.436926,0.536720,252.401327
0.662000,12.000000,0.520020,260.776734,0.536599,252.404493
0.662200,12.000000,0.556641,245.436926,0.536478,252.407654
0.662400,12.000000,0.534668,260.776734,0.536357,252.410811
0.662600,12.000000,0.541992,245.436926,0.536236,252.413964
0.662800,12.000000,0.571289,260.776734,0.536115,252.417111
0.663000,12.000000,0.563965,245.436926,0.535995,252.420255
0.663200,12.000000,0.534668,260.776734,0.535875,252.423393
0.663400,12.000000,0.512695,245.436926,0.535755,252.426527
0.663600,12.000000,0.571289,260.776734,0.535635,252.429657
0.663800,12.000000,0.556641,245.436926,0.535515,252.432782
0.664000,12.000000,0.490723,245.436926,0.535396,252.435903
0.664200,12.000000,0.527344,260.776734,0.535276,252.439019
0.664400,12.000000,0.541992,245.436926,0.535157,252.442130
0.664600,12.000000,0.556641,260.776734,0.535038,252.445237
0.664800,12.000000,0.563965,245.436926,0.534919,252.448340
0.665000,12.000000,0.541992,260.776734,0.534801,252.451438
0.665200,12.000000,0.549316,245.436926,0.534682,252.454532
0.665400,12.000000,0.534668,260.776734,0.534564,252.457621
0.665600,12.000000,0.512695,245.436926,0.534446,252.460706
0.665800,12.000000,0.527344,260.776734,0.534328,252.463786
0.666000,12.000000,0.534668,245.436926,0.534210,252.466862
0.666200,12.000000,0.534668,245.436926,0.534092,252.469934
0.666400,12.000000,0.476074,260.776734,0.533975,252.473001
0.666600,12.000000,0.520020,245.436926,0.533857,252.476063
0.666800,12.000000,0.534668,260.776734,0.533740,252.479121
0.667000,12.000000,0.527344,245.436926,0.533623,252.482175
0.667200,12.000000,0.527344,260.776734,0.533506,252.485225
0.667400,12.000000,0.549316,245.436926,0.533390,252.488270
0.667600,12.000000,0.498047,260.776734,0.533273,252.491310
0.667800,12.000000,0.483398,245.436926,0.533157,252.494346
0.668000,12.000000,0.520020,260.776734,0.533041,252.497378
0.668200,12.000000,0.556641,245.436926,0.532925,252.500406
0.668400,12.000000,0.585938,260.776734,0.532809,252.503429
0.668600,12.000000,0.556641,245.436926,0.532693,252.506447
0.668800,12.000000,0.490723,245.436926,0.532578,252.509462
0.669000,12.000000,0.527344,260.776734,0.532463,252.512472
0.669200,12.000000,0.541992,245.436926,0.532347,252.515478
0.669400,12.000000,0.534668,260.776734,0.532232,252.518479
0.669600,12.000000,0.549316,245.436926,0.532118,252.521476
0.669800,12.000000,0.505371,260.776734,0.532003,252.524469
0.670000,12.000000,0.534668,245.436926,0.531889,252.527457
0.670200,12.000000,0.541992,260.776734,0.531774,252.530441
0.670400,12.000000,0.556641,245.436926,0.531660,252.533421
0.670600,12.000000,0.505371,260.776734,0.531546,252.536396
0.670800,12.000000,0.520020,245.436926,0.531432,252.539367
0.671000,12.000000,0.446777,260.776734,0.531319,252.542334
0.671200,12.000000,0.512695,245.436926,0.531205,252.545297
0.671400,12.000000,0.512695,245.436926,0.531092,252.548255
0.671600,12.000000,0.498047,260.776734,0.530979,252.551209
0.671800,12.000000,0.534668,245.436926,0.530866,252.554159
0.672000,12.000000,0.527344,260.776734,0.530753,252.557105
0.672200,12.000000,0.461426,245.436926,0.530640,252.560046
0.672400,12.000000,0.534668,260.776734,0.530528,252.562983
0.672600,12.000000,0.505371,245.436926,0.530415,252.565916
0.672800,12.000000,0.541992,260.776734,0.530303,252.568845
0.673000,12.000000,0.490723,245.436926,0.530191,252.571769
0.673200,12.000000,0.527344,260.776734,0.530079,252.574689
0.673400,12.000000,0.520020,245.436926,0.529968,252.577605
0.673600,12.000000,0.541992,260.776734,0.529856,252.580517
0.673800,12.000000,0.534668,245.436926,0.529745,252.583425
0.674000,12.000000,0.520020,260.776734,0.529633,252.586328
0.674200,12.000000,0.483398,245.436926,0.529522,252.589227
0.674400,12.000000,0.483398,245.436926,0.529411,252.592122
0.674600,12.000000,0.512695,260.776734,0.529301,252.595013
0.674800,12.000000,0.527344,245.436926,0.529190,252.597900
0.675000,12.000000,0.512695,260.776734,0.529080,252.600782
0.675200,12.000000,0.549316,245.436926,0.528970,252.603661
0.675400,12.000000,0.520020,260.776734,0.528859,252.606535
0.675600,12.000000,0.498047,245.436926,0.528749,252.609405
0.675800,12.000000,0.520020,260.776734,0.528640,252.612271
0.676000,12.000000,0.534668,245.436926,0.528530,252.615132
0.676200,12.000000,0.534668,260.776734,0.528421,252.617990
0.676400,12.000000,0.585938,245.436926,0.528311,252.620844
0.676600,12.000000,0.505371,260.776734,0.528202,252.623693
0.676800,12.000000,0.527344,245.436926,0.528093,252.626538
0.677000,12.000000,0.541992,260.776734,0.527984,252.629380
0.677200,12.000000,0.527344,245.436926,0.527876,252.632217
0.677400,12.000000,0.512695,245.436926,0.527767,252.635050
0.677600,12.000000,0.483398,260.776734,0.527659,252.637879
0.677800,12.000000,0.512695,245.436926,0.527551,252.640703
0.678000,12.000000,0.498047,260.776734,0.527442,252.643524
0.678200,12.000000,0.476074,245.436926,0.527335,252.646341
0.678400,12.000000,0.505371,260.776734,0.527227,252.649154
0.678600,12.000000,0.498047,245.436926,0.527119,252.651962
0.678800,12.000000,0.541992,260.776734,0.527012,252.654767
0.679000,12.000000,0.541992,245.436926,0.526905,252.657567
0.679200,12.000000,0.498047,260.776734,0.526797,252.660364
0.679400,12.000000,0.520020,245.436926,0.526690,252.663156
0.679600,12.000000,0.468750,260.776734,0.526584,252.665945
0.679800,12.000000,0.512695,245.436926,0.526477,252.668729
0.680000,12.000000,0.541992,260.776734,0.526370,252.671509
0.680200,12.000000,0.549316,245.436926,0.526264,252.674286
0.680400,12.000000,0.505371,260.776734,0.526158,252.677058
0.680600,12.000000,0.556641,245.436926,0.526052,252.679826
0.680800,12.000000,0.483398,245.436926,0.525946,252.682591
0.681000,12.000000,0.490723,260.776734,0.525840,252.685351
0.681200,12.000000,0.549316,245.436926,0.525735,252.688107
0.681400,12.000000,0.578613,260.776734,0.525629,252.690860
0.681600,12.000000,0.541992,245.436926,0.525524,252.693608
0.681800,12.000000,0.527344,260.776734,0.525419,252.696353
0.682000,12.000000,0.461426,245.436926,0.525314,252.699093
0.682200,12.000000,0.461426,260.776734,0.525209,252.701830
0.682400,12.000000,0.527344,245.436926,0.525104,252.704563
0.682600,12.000000,0.512695,260.776734,0.525000,252.707291
0.682800,12.000000,0.490723,245.436926,0.524895,252.710016
0.683000,12.000000,0.527344,260.776734,0.524791,252.712737
0.683200,12.000000,0.527344,245.436926,0.524687,252.715454
0.683400,12.000000,0.549316,260.776734,0.524583,252.718167
0.683600,12.000000,0.527344,245.436926,0.524479,252.720876
0.683800,12.000000,0.563965,260.776734,0.524376,252.723581
0.684000,12.000000,0.527344,245.436926,0.524272,252.726282
0.684200,12.000000,0.520020,260.776734,0.524169,252.728980
0.684400,12.000000,0.556641,245.436926,0.524066,252.731673
0.684600,12.000000,0.498047,245.436926,0.523963,252.734363
0.684800,12.000000,0.607910,260.776734,0.523860,252.737048
0.685000,12.000000,0.534668,245.436926,0.523757,252.739730
0.685200,12.000000,0.534668,260.776734,0.523655,252.742408
0.685400,12.000000,0.541992,245.436926,0.523552,252.745082
0.685600,12.000000,0.578613,260.776734,0.523450,252.747753
0.685800,12.000000,0.549316,245.436926,0.523348,252.750419
0.686000,12.000000,0.476074,260.776734,0.523246,252.753082
0.686200,12.000000,0.563965,245.436926,0.523144,252.755740
0.686400,12.000000,0.512695,260.776734,0.523042,252.758395
0.686600,12.000000,0.527344,245.436926,0.522941,252.761046
0.686800,12.000000,0.483398,260.776734,0.522839,252.763694
0.687000,12.000000,0.541992,245.436926,0.522738,252.766337
0.687200,12.000000,0.505371,260.776734,0.522637,252.768977
0.687400,12.000000,0.527344,245.436926,0.522536,252.771613
0.687600,12.000000,0.512695,260.776734,0.522435,252.774245
0.687800,12.000000,0.578613,245.436926,0.522334,252.776873
0.688000,12.000000,0.578613,260.776734,0.522234,252.779497
0.688200,12.000000,0.520020,245.436926,0.522133,252.782118
0.688400,12.000000,0.527344,260.776734,0.522033,252.784735
0.688600,12.000000,0.512695,245.436926,0.521933,252.787348
0.688800,12.000000,0.556641,245.436926,0.521833,252.789957
0.689000,12.000000,0.512695,260.776734,0.521733,252.792563
0.689200,12.000000,0.505371,245.436926,0.521634,252.795164
0.689400,12.000000,0.549316,260.776734,0.521534,252.797762
0.689600,12.000000,0.505371,245.436926,0.521435,252.800357
0.689800,12.000000,0.520020,260.776734,0.521336,252.802947
0.690000,12.000000,0.476074,245.436926,0.521237,252.805534
0.690200,12.000000,0.541992,260.776734,0.521138,252.808117
0.690400,12.000000,0.578613,245.436926,0.521039,252.810697
0.690600,12.000000,0.541992,260.776734,0.520940,252.813272
0.690800,12.000000,0.563965,245.436926,0.520842,252.815844
0.691000,12.000000,0.498047,260.776734,0.520743,252.818412
0.691200,12.000000,0.527344,245.436926,0.520645,252.820977
0.691400,12.000000,0.490723,260.776734,0.520547,252.823538
0.691600,12.000000,0.512695,245.436926,0.520449,252.826095
0.691800,12.000000,0.541992,260.776734,0.520351,252.828648
0.692000,12.000000,0.520020,245.436926,0.520253,252.831198
0.692200,12.000000,0.476074,260.776734,0.520156,252.833744
0.692400,12.000000,0.483398,245.436926,0.520058,252.836287
0.692600,12.000000,0.476074,260.776734,0.519961,252.838825
0.692800,12.000000,0.534668,245.436926,0.519864,252.841360
0.693000,12.000000,0.578613,260.776734,0.519767,252.843892
0.693200,12.000000,0.563965,245.436926,0.519670,252.846420
0.693400,12.000000,0.461426,260.776734,0.519574,252.848944
0.693600,12.000000,0.563965,245.436926,0.519477,252.851464
0.693800,12.000000,0.549316,260.776734,0.519381,252.853981
0.694000,12.000000,0.476074,245.436926,0.519284,252.856494
0.694200,12.000000,0.512695,245.436926,0.519188,252.859004
0.694400,12.000000,0.549316,260.776734,0.519092,252.861510
0.694600,12.000000,0.534668,245.436926,0.518996,252.864012
0.694800,12.000000,0.476074,260.776734,0.518901,252.866511
0.695000,12.000000,0.534668,245.436926,0.518805,252.869006
0.695200,12.000000,0.454102,260.776734,0.518710,252.871498
0.695400,12.000000,0.512695,245.436926,0.518614,252.873986
0.695600,12.000000,0.549316,260.776734,0.518519,252.876470
0.695800,12.000000,0.520020,245.436926,0.518424,252.878951
0.696000,12.000000,0.505371,260.776734,0.518329,252.881428
0.696200,12.000000,0.541992,245.436926,0.518235,252.883902
0.696400,12.000000,0.549316,260.776734,0.518140,252.886372
0.696600,12.000000,0.556641,245.436926,0.518045,252.888839
0.696800,12.000000,0.541992,260.776734,0.517951,252.891302
0.697000,12.000000,0.549316,245.436926,0.517857,252.893761
0.697200,12.000000,0.541992,260.776734,0.517763,252.896217
0.697400,12.000000,0.527344,245.436926,0.517669,252.898669
0.697600,12.000000,0.520020,260.776734,0.517575,252.901118
0.697800,12.000000,0.512695,245.436926,0.517481,252.903563
0.698000,12.000000,0.483398,260.776734,0.517388,252.906005
0.698200,12.000000,0.490723,245.436926,0.517294,252.908443
0.698400,12.000000,0.505371,260.776734,0.517201,252.910878
0.698600,12.000000,0.527344,245.436926,0.517108,252.913309
0.698800,12.000000,0.556641,260.776734,0.517015,252.915737
0.699000,12.000000,0.512695,245.436926,0.516922,252.918161
0.699200,12.000000,0.549316,260.776734,0.516829,252.920582
0.699400,12.000000,0.549316,245.436926,0.516737,252.922999
0.699600,12.000000,0.512695,260.776734,0.516644,252.925413
0.699800,12.000000,0.534668,245.436926,0.516552,252.927823
0.700000,12.000000,0.512695,260.776734,0.516460,252.930230
0.700200,12.000000,0.556641,245.436926,0.516368,252.932633
0.700400,12.000000,0.534668,260.776734,0.516276,252.935033
0.700600,12.000000,0.483398,245.436926,0.516184,252.937429
0.700800,12.000000,0.520020,260.776734,0.516092,252.939822
0.701000,12.000000,0.563965,245.436926,0.516001,252.942211
0.701200,12.000000,0.512695,260.776734,0.515910,252.944597
0.701400,12.000000,0.527344,245.436926,0.515818,252.946980
0.701600,12.000000,0.534668,260.776734,0.515727,252.949359
0.701800,12.000000,0.483398,245.436926,0.515636,252.951735
0.702000,12.000000,0.527344,245.436926,0.515545,252.954107
0.702200,12.000000,0.476074,260.776734,0.515455,252.956476
0.702400,12.000000,0.498047,245.436926,0.515364,252.958841
0.702600,12.000000,0.549316,260.776734,0.515273,252.961203
0.702800,12.000000,0.527344,245.436926,0.515183,252.963562
0.703000,12.000000,0.505371,260.776734,0.515093,252.965917
0.703200,12.000000,0.527344,245.436926,0.515003,252.968269
0.703400,12.000000,0.512695,260.776734,0.514913,252.970618
0.703600,12.000000,0.512695,245.436926,0.514823,252.972963
0.703800,12.000000,0.534668,260.776734,0.514733,252.975304
0.704000,12.000000,0.490723,245.436926,0.514644,252.977643
0.704200,12.000000,0.512695,260.776734,0.514554,252.979978
0.704400,12.000000,0.505371,245.436926,0.514465,252.982309
0.704600,12.000000,0.468750,260.776734,0.514376,252.984637
0.704800,12.000000,0.483398,245.436926,0.514287,252.986962
0.705000,12.000000,0.563965,260.776734,0.514198,252.989284
0.705200,12.000000,0.527344,245.436926,0.514109,252.991602
0.705400,12.000000,0.476074,260.776734,0.514020,252.993916
0.705600,12.000000,0.468750,245.436926,0.513932,252.996228
0.705800,12.000000,0.512695,260.776734,0.513843,252.998536
0.706000,12.000000,0.563965,245.436926,0.513755,253.000841
0.706200,12.000000,0.505371,260.776734,0.513667,253.003142
0.706400,12.000000,0.549316,245.436926,0.513579,253.005440
0.706600,12.000000,0.527344,260.776734,0.513491,253.007735
0.706800,12.000000,0.527344,245.436926,0.513403,253.010027
0.707000,12.000000,0.476074,260.776734,0.513316,253.012315
0.707200,12.000000,0.541992,245.436926,0.513228,253.014600
0.707400,12.000000,0.505371,260.776734,0.513141,253.016882
0.707600,12.000000,0.541992,245.436926,0.513053,253.019160
0.707800,12.000000,0.490723,260.776734,0.512966,253.021435
0.708000,12.000000,0.520020,245.436926,0.512879,253.023707
0.708200,12.000000,0.520020,260.776734,0.512792,253.025975
0.708400,12.000000,0.505371,245.436926,0.512705,253.028240
0.708600,12.000000,0.527344,260.776734,0.512619,253.030502
0.708800,12.000000,0.505371,245.436926,0.512532,253.032761
0.709000,12.000000,0.490723,260.776734,0.512446,253.035017
0.709200,12.000000,0.563965,245.436926,0.512360,253.037269
0.709400,12.000000,0.541992,260.776734,0.512274,253.039518
0.709600,12.000000,0.490723,245.436926,0.512187,253.041763
0.709800,12.000000,0.527344,260.776734,0.512102,253.044006
0.710000,12.000000,0.490723,245.436926,0.512016,253.046245
0.710200,12.000000,0.476074,260.776734,0.511930,253.048481
0.710400,12.000000,0.541992,245.436926,0.511845,253.050714
0.710600,12.000000,0.461426,260.776734,0.511759,253.052943
0.710800,12.000000,0.541992,245.436926,0.511674,253.055170
0.711000,12.000000,0.505371,260.776734,0.511589,253.057393
0.711200,12.000000,0.505371,245.436926,0.511504,253.059613
0.711400,12.000000,0.527344,260.776734,0.511419,253.061830
0.711600,12.000000,0.527344,245.436926,0.511334,253.064043
0.711800,12.000000,0.483398,260.776734,0.511249,253.066253
0.712000,12.000000,0.534668,245.436926,0.511165,253.068461
0.712200,12.000000,0.512695,260.776734,0.511080,253.070664
0.712400,12.000000,0.476074,245.436926,0.510996,253.072865
0.712600,12.000000,0.505371,260.776734,0.510912,253.075063
0.712800,12.000000,0.549316,245.436926,0.510828,253.077257
0.713000,12.000000,0.563965,260.776734,0.510744,253.079449
0.713200,12.000000,0.534668,245.436926,0.510660,253.081637
0.713400,12.000000,0.476074,260.776734,0.510576,253.083822
0.713600,12.000000,0.527344,245.436926,0.510493,253.086003
0.713800,12.000000,0.534668,260.776734,0.510409,253.088182
0.714000,12.000000,0.534668,245.436926,0.510326,253.090358
0.714200,12.000000,0.534668,260.776734,0.510243,253.092530
0.714400,12.000000,0.520020,245.436926,0.510160,253.094699
0.714600,12.000000,0.505371,260.776734,0.510077,253.096865
0.714800,12.000000,0.490723,245.436926,0.509994,253.099028
0.715000,12.000000,0.454102,260.776734,0.509911,253.101188
0.715200,12.000000,0.520020,245.436926,0.509829,253.103345
0.715400,12.000000,0.512695,260.776734,0.509746,253.105499
0.715600,12.000000,0.527344,245.436926,0.509664,253.107649
0.715800,12.000000,0.468750,260.776734,0.509581,253.109797
0.716000,12.000000,0.527344,245.436926,0.509499,253.111941
0.716200,12.000000,0.571289,260.776734,0.509417,253.114082
0.716400,12.000000,0.512695,245.436926,0.509335,253.116221
0.716600,12.000000,0.505371,260.776734,0.509254,253.118356
0.716800,12.000000,0.520020,245.436926,0.509172,253.120488
0.717000,12.000000,0.571289,260.776734,0.509090,253.122617
0.717200,12.000000,0.476074,245.436926,0.509009,253.124742
0.717400,12.000000,0.512695,260.776734,0.508928,253.126865
0.717600,12.000000,0.483398,245.436926,0.508846,253.128985
0.717800,12.000000,0.490723,260.776734,0.508765,253.131102
0.718000,12.000000,0.505371,245.436926,0.508684,253.133215
0.718200,12.000000,0.549316,260.776734,0.508603,253.135326
0.718400,12.000000,0.563965,245.436926,0.508523,253.137433
0.718600,12.000000,0.520020,260.776734,0.508442,253.139538
0.718800,12.000000,0.498047,245.436926,0.508362,253.141639
0.719000,12.000000,0.585938,260.776734,0.508281,253.143738
0.719200,12.000000,0.498047,245.436926,0.508201,253.145833
0.719400,12.000000,0.490723,260.776734,0.508121,253.147926
0.719600,12.000000,0.454102,245.436926,0.508041,253.150015
0.719800,12.000000,0.549316,260.776734,0.507961,253.152101
0.720000,12.000000,0.534668,245.436926,0.507881,253.154185
0.720200,12.000000,0.578613,260.776734,0.507801,253.156265
0.720400,12.000000,0.468750,245.436926,0.507722,253.158342
0.720600,12.000000,0.549316,260.776734,0.507642,253.160417
0.720800,12.000000,0.512695,245.436926,0.507563,253.162488
0.721000,12.000000,0.534668,260.776734,0.507484,253.164557
0.721200,12.000000,0.461426,245.436926,0.507405,253.166622
0.721400,12.000000,0.549316,260.776734,0.507326,253.168684
0.721600,12.000000,0.527344,245.436926,0.507247,253.170744
0.721800,12.000000,0.505371,260.776734,0.507168,253.172800
0.722000,12.000000,0.527344,245.436926,0.507089,253.174854
0.722200,12.000000,0.483398,260.776734,0.507011,253.176904
0.722400,12.000000,0.490723,245.436926,0.506932,253.178952
0.722600,12.000000,0.490723,260.776734,0.506854,253.180997
0.722800,12.000000,0.454102,245.436926,0.506776,253.183038
0.723000,12.000000,0.534668,260.776734,0.506698,253.185077
0.723200,12.000000,0.541992,245.436926,0.506620,253.187113
0.723400,12.000000,0.483398,260.776734,0.506542,253.189146
0.723600,12.000000,0.520020,245.436926,0.506464,253.191176
0.723800,12.000000,0.498047,260.776734,0.506386,253.193203
0.724000,12.000000,0.512695,245.436926,0.506309,253.195227
0.724200,12.000000,0.490723,260.776734,0.506231,253.197248
0.724400,12.000000,0.476074,245.436926,0.506154,253.199266
0.724600,12.000000,0.534668,260.776734,0.506077,253.201281
0.724800,12.000000,0.505371,245.436926,0.506000,253.203294
0.725000,12.000000,0.563965,260.776734,0.505923,253.205303
0.725200,12.000000,0.505371,245.436926,0.505846,253.207310
0.725400,12.000000,0.476074,260.776734,0.505769,253.209314
0.725600,12.000000,0.541992,245.436926,0.505693,253.211315
0.725800,12.000000,0.527344,260.776734,0.505616,253.213313
0.726000,12.000000,0.527344,245.436926,0.505540,253.215308
0.726200,12.000000,0.541992,260.776734,0.505463,253.217300
0.726400,12.000000,0.483398,245.436926,0.505387,253.219289
0.726600,12.000000,0.498047,260.776734,0.505311,253.221276
0.726800,12.000000,0.498047,245.436926,0.505235,253.223259
0.727000,12.000000,0.468750,260.776734,0.505159,253.225240
0.727200,12.000000,0.498047,245.436926,0.505083,253.227218
0.727400,12.000000,0.541992,260.776734,0.505008,253.229193
0.727600,12.000000,0.512695,245.436926,0.504932,253.231165
0.727800,12.000000,0.461426,260.776734,0.504857,253.233135
0.728000,12.000000,0.461426,245.436926,0.504781,253.235101
0.728200,12.000000,0.556641,260.776734,0.504706,253.237065
0.728400,12.000000,0.505371,245.436926,0.504631,253.239026
0.728600,12.000000,0.483398,260.776734,0.504556,253.240984
0.728800,12.000000,0.498047,245.436926,0.504481,253.242939
0.729000,12.000000,0.461426,260.776734,0.504406,253.244891
0.729200,12.000000,0.549316,245.436926,0.504332,253.246841
0.729400,12.000000,0.490723,260.776734,0.504257,253.248787
0.729600,12.000000,0.541992,245.436926,0.504183,253.250731
0.729800,12.000000,0.505371,260.776734,0.504108,253.252672
0.730000,12.000000,0.549316,260.776734,0.504034,253.254611
0.730200,12.000000,0.512695,245.436926,0.503960,253.256546
0.730400,12.000000,0.527344,260.776734,0.503886,253.258479
0.730600,12.000000,0.527344,245.436926,0.503812,253.260409
0.730800,12.000000,0.520020,260.776734,0.503738,253.262336
0.731000,12.000000,0.512695,245.436926,0.503664,253.264261
0.731200,12.000000,0.498047,260.776734,0.503591,253.266182
0.731400,12.000000,0.563965,245.436926,0.503517,253.268101
0.731600,12.000000,0.476074,260.776734,0.503444,253.270017
0.731800,12.000000,0.505371,245.436926,0.503371,253.271930
0.732000,12.000000,0.505371,260.776734,0.503297,253.273841
0.732200,12.000000,0.512695,245.436926,0.503224,253.275749
0.732400,12.000000,0.490723,260.776734,0.503151,253.277654
0.732600,12.000000,0.512695,245.436926,0.503079,253.279556
0.732800,12.000000,0.498047,260.776734,0.503006,253.281456
0.733000,12.000000,0.454102,245.436926,0.502933,253.283353
0.733200,12.000000,0.505371,260.776734,0.502861,253.285247
0.733400,12.000000,0.468750,245.436926,0.502788,253.287138
0.733600,12.000000,0.454102,260.776734,0.502716,253.289027
0.733800,12.000000,0.505371,245.436926,0.502644,253.290913
0.734000,12.000000,0.520020,260.776734,0.502571,253.292796
0.734200,12.000000,0.520020,245.436926,0.502499,253.294676
0.734400,12.000000,0.520020,260.776734,0.502427,253.296554
0.734600,12.000000,0.446777,245.436926,0.502356,253.298429
0.734800,12.000000,0.461426,260.776734,0.502284,253.300301
0.735000,12.000000,0.563965,245.436926,0.502212,253.302171
0.735200,12.000000,0.468750,260.776734,0.502141,253.304038
0.735400,12.000000,0.520020,245.436926,0.502069,253.305902
0.735600,12.000000,0.483398,260.776734,0.501998,253.307764
0.735800,12.000000,0.505371,245.436926,0.501927,253.309623
0.736000,12.000000,0.483398,260.776734,0.501856,253.311479
0.736200,12.000000,0.520020,245.436926,0.501785,253.313333
0.736400,12.000000,0.505371,260.776734,0.501714,253.315183
0.736600,12.000000,0.490723,245.436926,0.501643,253.317032
0.736800,12.000000,0.468750,260.776734,0.501572,253.318877
0.737000,12.000000,0.512695,245.436926,0.501502,253.320720
0.737200,12.000000,0.461426,260.776734,0.501431,253.322560
0.737400,12.000000,0.512695,245.436926,0.501361,253.324398
0.737600,12.000000,0.578613,260.776734,0.501291,253.326233
0.737800,12.000000,0.541992,245.436926,0.501220,253.328065
0.738000,12.000000,0.520020,260.776734,0.501150,253.329895
0.738200,12.000000,0.498047,260.776734,0.501080,253.331721
0.738400,12.000000,0.439453,245.436926,0.501010,253.333546
0.738600,12.000000,0.461426,260.776734,0.500941,253.335368
0.738800,12.000000,0.541992,245.436926,0.500871,253.337187
0.739000,12.000000,0.476074,260.776734,0.500801,253.339003
0.739200,12.000000,0.483398,245.436926,0.500732,253.340817
0.739400,12.000000,0.498047,260.776734,0.500663,253.342628
0.739600,12.000000,0.468750,245.436926,0.500593,253.344437
0.739800,12.000000,0.461426,260.776734,0.500524,253.346243
0.740000,12.000000,0.498047,245.436926,0.500455,253.348046
0.740200,12.000000,0.476074,260.776734,0.500386,253.349847
0.740400,12.000000,0.476074,245.436926,0.500317,253.351645
0.740600,12.000000,0.476074,260.776734,0.500248,253.353441
0.740800,12.000000,0.512695,245.436926,0.500180,253.355234
0.741000,12.000000,0.490723,260.776734,0.500111,253.357024
0.741200,12.000000,0.498047,245.436926,0.500043,253.358812
0.741400,12.000000,0.520020,260.776734,0.499974,253.360597
0.741600,12.000000,0.498047,245.436926,0.499906,253.362380
0.741800,12.000000,0.490723,260.776734,0.499838,253.364160
0.742000,12.000000,0.512695,245.436926,0.499770,253.365938
0.742200,12.000000,0.520020,260.776734,0.499702,253.367713
0.742400,12.000000,0.498047,245.436926,0.499634,253.369485
0.742600,12.000000,0.505371,260.776734,0.499566,253.371255
0.742800,12.000000,0.476074,245.436926,0.499498,253.373023
0.743000,12.000000,0.476074,260.776734,0.499431,253.374787
0.743200,12.000000,0.520020,245.436926,0.499363,253.376550
0.743400,12.000000,0.512695,260.776734,0.499296,253.378309
0.743600,12.000000,0.512695,245.436926,0.499228,253.380066
0.743800,12.000000,0.505371,260.776734,0.499161,253.381821
0.744000,12.000000,0.498047,245.436926,0.499094,253.383573
0.744200,12.000000,0.520020,260.776734,0.499027,253.385323
0.744400,12.000000,0.527344,260.776734,0.498960,253.387070
0.744600,12.000000,0.527344,245.436926,0.498893,253.388814
0.744800,12.000000,0.498047,260.776734,0.498827,253.390556
0.745000,12.000000,0.541992,245.436926,0.498760,253.392296
0.745200,12.000000,0.505371,260.776734,0.498693,253.394033
0.745400,12.000000,0.520020,245.436926,0.498627,253.395767
0.745600,12.000000,0.505371,260.776734,0.498561,253.397499
0.745800,12.000000,0.505371,245.436926,0.498494,253.399229
0.746000,12.000000,0.476074,260.776734,0.498428,253.400956
0.746200,12.000000,0.520020,245.436926,0.498362,253.402680
0.746400,12.000000,0.585938,260.776734,0.498296,253.404402
0.746600,12.000000,0.483398,245.436926,0.498230,253.406122
0.746800,12.000000,0.498047,260.776734,0.498165,253.407839
0.747000,12.000000,0.483398,245.436926,0.498099,253.409554
0.747200,12.000000,0.483398,260.776734,0.498033,253.411266
0.747400,12.000000,0.541992,245.436926,0.497968,253.412975
0.747600,12.000000,0.476074,260.776734,0.497902,253.414682
0.747800,12.000000,0.483398,245.436926,0.497837,253.416387
0.748000,12.000000,0.446777,260.776734,0.497772,253.418089
0.748200,12.000000,0.476074,245.436926,0.497707,253.419789
0.748400,12.000000,0.446777,260.776734,0.497642,253.421487
0.748600,12.000000,0.520020,245.436926,0.497577,253.423182
0.748800,12.000000,0.578613,260.776734,0.497512,253.424874
0.749000,12.000000,0.483398,245.436926,0.497447,253.426564
0.749200,12.000000,0.446777,260.776734,0.497383,253.428252
0.749400,12.000000,0.527344,260.776734,0.497318,253.429937
0.749600,12.000000,0.476074,245.436926,0.497254,253.431619
0.749800,12.000000,0.534668,260.776734,0.497189,253.433300
0.750000,12.000000,0.490723,245.436926,0.497125,253.434978
0.750200,12.000000,0.476074,260.776734,0.497061,253.436653
0.750400,12.000000,0.490723,245.436926,0.496997,253.438326
0.750600,12.000000,0.520020,260.776734,0.496933,253.439997
0.750800,12.000000,0.490723,245.436926,0.496869,253.441665
0.751000,12.000000,0.483398,260.776734,0.496805,253.443331
0.751200,12.000000,0.490723,245.436926,0.496741,253.444994
0.751400,12.000000,0.461426,260.776734,0.496678,253.446655
0.751600,12.000000,0.505371,245.436926,0.496614,253.448314
0.751800,12.000000,0.439453,260.776734,0.496551,253.449970
0.752000,12.000000,0.483398,245.436926,0.496487,253.451624
0.752200,12.000000,0.520020,260.776734,0.496424,253.453275
0.752400,12.000000,0.505371,245.436926,0.496361,253.454924
0.752600,12.000000,0.512695,260.776734,0.496298,253.456571
0.752800,12.000000,0.490723,245.436926,0.496235,253.458215
0.753000,12.000000,0.534668,260.776734,0.496172,253.459857
0.753200,12.000000,0.527344,245.436926,0.496109,253.461497
0.753400,12.000000,0.512695,260.776734,0.496046,253.463134
0.753600,12.000000,0.527344,245.436926,0.495984,253.464769
0.753800,12.000000,0.520020,260.776734,0.495921,253.466401
0.754000,12.000000,0.483398,260.776734,0.495859,253.468032
0.754200,12.000000,0.454102,245.436926,0.495796,253.469659
0.754400,12.000000,0.505371,260.776734,0.495734,253.471285
0.754600,12.000000,0.512695,245.436926,0.495672,253.472908
0.754800,12.000000,0.527344,260.776734,0.495610,253.474529
0.755000,12.000000,0.468750,245.436926,0.495548,253.476147
0.755200,12.000000,0.468750,260.776734,0.495486,253.477763
0.755400,12.000000,0.512695,245.436926,0.495424,253.479377
0.755600,12.000000,0.490723,260.776734,0.495362,253.480988
0.755800,12.000000,0.439453,245.436926,0.495301,253.482597
0.756000,12.000000,0.505371,260.776734,0.495239,253.484204
0.756200,12.000000,0.439453,245.436926,0.495178,253.485809
0.756400,12.000000,0.468750,260.776734,0.495116,253.487411
0.756600,12.000000,0.534668,245.436926,0.495055,253.489011
0.756800,12.000000,0.549316,260.776734,0.494994,253.490608
0.757000,12.000000,0.461426,245.436926,0.494933,253.492203
0.757200,12.000000,0.483398,260.776734,0.494872,253.493796
0.757400,12.000000,0.498047,245.436926,0.494811,253.495387
0.757600,12.000000,0.549316,260.776734,0.494750,253.496975
0.757800,12.000000,0.483398,245.436926,0.494689,253.498561
0.758000,12.000000,0.483398,260.776734,0.494629,253.500145
0.758200,12.000000,0.541992,260.776734,0.494568,253.501727
0.758400,12.000000,0.483398,245.436926,0.494508,253.503306
0.758600,12.000000,0.512695,260.776734,0.494447,253.504883
0.758800,12.000000,0.446777,245.436926,0.494387,253.506457
0.759000,12.000000,0.490723,260.776734,0.494327,253.508030
0.759200,12.000000,0.446777,245.436926,0.494266,253.509600
0.759400,12.000000,0.461426,260.776734,0.494206,253.511168
0.759600,12.000000,0.520020,245.436926,0.494146,253.512733
0.759800,12.000000,0.490723,260.776734,0.494087,253.514297
0.760000,12.000000,0.483398,245.436926,0.494027,253.515858
0.760200,12.000000,0.468750,260.776734,0.493967,253.517417
0.760400,12.000000,0.490723,245.436926,0.493907,253.518973
0.760600,12.000000,0.505371,260.776734,0.493848,253.520527
0.760800,12.000000,0.520020,245.436926,0.493788,253.522080
0.761000,12.000000,0.417480,260.776734,0.493729,253.523629
0.761200,12.000000,0.468750,245.436926,0.493670,253.525177
0.761400,12.000000,0.498047,260.776734,0.493611,253.526722
0.761600,12.000000,0.490723,245.436926,0.493551,253.528266
0.761800,12.000000,0.505371,260.776734,0.493492,253.529807
0.762000,12.000000,0.498047,260.776734,0.493434,253.531345
0.762200,12.000000,0.483398,245.436926,0.493375,253.532882
0.762400,12.000000,0.476074,260.776734,0.493316,253.534416
0.762600,12.000000,0.483398,245.436926,0.493257,253.535948
0.762800,12.000000,0.527344,260.776734,0.493199,253.537478
0.763000,12.000000,0.468750,245.436926,0.493140,253.539006
0.763200,12.000000,0.490723,260.776734,0.493082,253.540531
0.763400,12.000000,0.498047,245.436926,0.493023,253.542054
0.763600,12.000000,0.541992,260.776734,0.492965,253.543575
0.763800,12.000000,0.483398,245.436926,0.492907,253.545094
0.764000,12.000000,0.520020,260.776734,0.492849,253.546611
0.764200,12.000000,0.527344,245.436926,0.492791,253.548125
0.764400,12.000000,0.490723,260.776734,0.492733,253.549638
0.764600,12.000000,0.483398,245.436926,0.492675,253.551148
0.764800,12.000000,0.483398,260.776734,0.492617,253.552656
0.765000,12.000000,0.483398,245.436926,0.492560,253.554161
0.765200,12.000000,0.520020,260.776734,0.492502,253.555665
0.765400,12.000000,0.498047,260.776734,0.492444,253.557166
0.765600,12.000000,0.498047,245.436926,0.492387,253.558666
0.765800,12.000000,0.461426,260.776734,0.492330,253.560163
0.766000,12.000000,0.461426,245.436926,0.492272,253.561658
0.766200,12.000000,0.556641,260.776734,0.492215,253.563150
0.766400,12.000000,0.483398,245.436926,0.492158,253.564641
0.766600,12.000000,0.468750,260.776734,0.492101,253.566130
0.766800,12.000000,0.534668,245.436926,0.492044,253.567616
0.767000,12.000000,0.498047,260.776734,0.491987,253.569100
0.767200,12.000000,0.512695,245.436926,0.491930,253.570582
0.767400,12.000000,0.490723,260.776734,0.491874,253.572062
0.767600,12.000000,0.483398,245.436926,0.491817,253.573540
0.767800,12.000000,0.483398,260.776734,0.491761,253.575016
0.768000,12.000000,0.446777,245.436926,0.491704,253.576489
0.768200,12.000000,0.490723,260.776734,0.491648,253.577960
0.768400,12.000000,0.498047,245.436926,0.491592,253.579430
0.768600,12.000000,0.549316,260.776734,0.491535,253.580897
0.768800,12.000000,0.490723,260.776734,0.491479,253.582362
0.769000,12.000000,0.424805,245.436926,0.491423,253.583825
0.769200,12.000000,0.490723,260.776734,0.491367,253.585286
0.769400,12.000000,0.571289,245.436926,0.491311,253.586744
0.769600,12.000000,0.520020,260.776734,0.491256,253.588201
0.769800,12.000000,0.468750,245.436926,0.491200,253.589655
0.770000,12.000000,0.505371,260.776734,0.491144,253.591108
0.770200,12.000000,0.468750,245.436926,0.491089,253.592558
0.770400,12.000000,0.446777,260.776734,0.491033,253.594006
0.770600,12.000000,0.483398,245.436926,0.490978,253.595453
0.770800,12.000000,0.490723,260.776734,0.490922,253.596897
0.771000,12.000000,0.432129,245.436926,0.490867,253.598339
0.771200,12.000000,0.454102,260.776734,0.490812,253.599778
0.771400,12.000000,0.490723,245.436926,0.490757,253.601216
0.771600,12.000000,0.476074,260.776734,0.490702,253.602652
0.771800,12.000000,0.505371,260.776734,0.490647,253.604086
0.772000,12.000000,0.454102,245.436926,0.490592,253.605517
0.772200,12.000000,0.512695,260.776734,0.490538,253.606947
0.772400,12.000000,0.454102,245.436926,0.490483,253.608374
0.772600,12.000000,0.541992,260.776734,0.490428,253.609800
0.772800,12.000000,0.439453,245.436926,0.490374,253.611223
0.773000,12.000000,0.454102,260.776734,0.490319,253.612644
0.773200,12.000000,0.505371,245.436926,0.490265,253.614064
0.773400,12.000000,0.541992,260.776734,0.490211,253.615481
0.773600,12.000000,0.498047,245.436926,0.490156,253.616896
0.773800,12.000000,0.505371,260.776734,0.490102,253.618309
0.774000,12.000000,0.490723,245.436926,0.490048,253.619720
0.774200,12.000000,0.461426,260.776734,0.489994,253.621129
0.774400,12.000000,0.476074,245.436926,0.489940,253.622536
0.774600,12.000000,0.454102,260.776734,0.489887,253.623941
0.774800,12.000000,0.454102,260.776734,0.489833,253.625344
0.775000,12.000000,0.505371,245.436926,0.489779,253.626745
0.775200,12.000000,0.454102,260.776734,0.489726,253.628144
0.775400,12.000000,0.498047,245.436926,0.489672,253.629541
0.775600,12.000000,0.454102,260.776734,0.489619,253.630936
0.775800,12.000000,0.498047,245.436926,0.489565,253.632329
0.776000,12.000000,0.476074,260.776734,0.489512,253.633720
0.776200,12.000000,0.534668,245.436926,0.489459,253.635109
0.776400,12.000000,0.498047,260.776734,0.489406,253.636495
0.776600,12.000000,0.527344,245.436926,0.489353,253.637880
0.776800,12.000000,0.468750,260.776734,0.489300,253.639263
0.777000,12.000000,0.490723,245.436926,0.489247,253.640644
0.777200,12.000000,0.461426,260.776734,0.489194,253.642023
0.777400,12.000000,0.476074,245.436926,0.489141,253.643400
0.777600,12.000000,0.483398,260.776734,0.489088,253.644775
0.777800,12.000000,0.468750,260.776734,0.489036,253.646148
0.778000,12.000000,0.454102,245.436926,0.488983,253.647519
0.778200,12.000000,0.446777,260.776734,0.488931,253.648888
0.778400,12.000000,0.417480,245.436926,0.488879,253.650255
0.778600,12.000000,0.454102,260.776734,0.488826,253.651620
0.778800,12.000000,0.505371,245.436926,0.488774,253.652983
0.779000,12.000000,0.439453,260.776734,0.488722,253.654344
0.779200,12.000000,0.446777,245.436926,0.488670,253.655703
0.779400,12.000000,0.541992,260.776734,0.488618,253.657060
0.779600,12.000000,0.468750,245.436926,0.488566,253.658415
0.779800,12.000000,0.498047,260.776734,0.488514,253.659769
0.780000,12.000000,0.505371,245.436926,0.488462,253.661120
0.780200,12.000000,0.505371,260.776734,0.488411,253.662469
0.780400,12.000000,0.439453,260.776734,0.488359,253.663817
0.780600,12.000000,0.483398,245.436926,0.488308,253.665162
0.780800,12.000000,0.439453,260.776734,0.488256,253.666506
0.781000,12.000000,0.563965,245.436926,0.488205,253.667847
0.781200,12.000000,0.439453,260.776734,0.488153,253.669187
0.781400,12.000000,0.454102,245.436926,0.488102,253.670525
0.781600,12.000000,0.454102,260.776734,0.488051,253.671860
0.781800,12.000000,0.439453,245.436926,0.488000,253.673194
0.782000,12.000000,0.527344,260.776734,0.487949,253.674526
0.782200,12.000000,0.563965,245.436926,0.487898,253.675856
0.782400,12.000000,0.476074,260.776734,0.487847,253.677184
0.782600,12.000000,0.446777,245.436926,0.487796,253.678511
0.782800,12.000000,0.417480,260.776734,0.487745,253.679835
0.783000,12.000000,0.483398,245.436926,0.487695,253.681157
0.783200,12.000000,0.476074,260.776734,0.487644,253.682478
0.783400,12.000000,0.468750,260.776734,0.487594,253.683796
0.783600,12.000000,0.490723,245.436926,0.487543,253.685113
0.783800,12.000000,0.498047,260.776734,0.487493,253.686428
0.784000,12.000000,0.498047,245.436926,0.487443,253.687741
0.784200,12.000000,0.476074,260.776734,0.487392,253.689051
0.784400,12.000000,0.454102,245.436926,0.487342,253.690361
0.784600,12.000000,0.505371,260.776734,0.487292,253.691668
0.784800,12.000000,0.490723,245.436926,0.487242,253.692973
0.785000,12.000000,0.512695,260.776734,0.487192,253.694277
0.785200,12.000000,0.512695,245.436926,0.487142,253.695578
0.785400,12.000000,0.446777,260.776734,0.487093,253.696878
0.785600,12.000000,0.446777,245.436926,0.487043,253.698176
0.785800,12.000000,0.461426,260.776734,0.486993,253.699471
0.786000,12.000000,0.454102,260.776734,0.486944,253.700765
0.786200,12.000000,0.512695,245.436926,0.486894,253.702058
0.786400,12.000000,0.498047,260.776734,0.486845,253.703348
0.786600,12.000000,0.520020,245.436926,0.486795,253.704636
0.786800,12.000000,0.498047,260.776734,0.486746,253.705923
0.787000,12.000000,0.490723,245.436926,0.486697,253.707208
0.787200,12.000000,0.520020,260.776734,0.486648,253.708491
0.787400,12.000000,0.498047,245.436926,0.486599,253.709772
0.787600,12.000000,0.490723,260.776734,0.486550,253.711051
0.787800,12.000000,0.527344,245.436926,0.486501,253.712328
0.788000,12.000000,0.490723,260.776734,0.486452,253.713604
0.788200,12.000000,0.476074,245.436926,0.486403,253.714878
0.788400,12.000000,0.461426,260.776734,0.486354,253.716149
0.788600,12.000000,0.505371,260.776734,0.486306,253.717419
0.788800,12.000000,0.520020,245.436926,0.486257,253.718688
0.789000,12.000000,0.483398,260.776734,0.486209,253.719954
0.789200,12.000000,0.527344,245.436926,0.486160,253.721218
0.789400,12.000000,0.424805,260.776734,0.486112,253.722481
0.789600,12.000000,0.483398,245.436926,0.486064,253.723742
0.789800,12.000000,0.483398,260.776734,0.486015,253.725001
0.790000,12.000000,0.461426,245.436926,0.485967,253.726258
0.790200,12.000000,0.556641,260.776734,0.485919,253.727514
0.790400,12.000000,0.483398,245.436926,0.485871,253.728767
0.790600,12.000000,0.476074,260.776734,0.485823,253.730019
0.790800,12.000000,0.483398,260.776734,0.485775,253.731269
0.791000,12.000000,0.424805,245.436926,0.485727,253.732517
0.791200,12.000000,0.461426,260.776734,0.485680,253.733764
0.791400,12.000000,0.512695,245.436926,0.485632,253.735008
0.791600,12.000000,0.468750,260.776734,0.485584,253.736251
0.791800,12.000000,0.461426,245.436926,0.485537,253.737492
0.792000,12.000000,0.527344,260.776734,0.485489,253.738731
0.792200,12.000000,0.527344,245.436926,0.485442,253.739969
0.792400,12.000000,0.498047,260.776734,0.485395,253.741205
0.792600,12.000000,0.468750,245.436926,0.485347,253.742438
0.792800,12.000000,0.476074,260.776734,0.485300,253.743671
0.793000,12.000000,0.461426,245.436926,0.485253,253.744901
0.793200,12.000000,0.454102,260.776734,0.485206,253.746129
0.793400,12.000000,0.454102,260.776734,0.485159,253.747356
0.793600,12.000000,0.468750,245.436926,0.485112,253.748581
0.793800,12.000000,0.454102,260.776734,0.485065,253.749804
0.794000,12.000000,0.439453,245.436926,0.485018,253.751026
0.794200,12.000000,0.490723,260.776734,0.484972,253.752246
0.794400,12.000000,0.490723,245.436926,0.484925,253.753464
0.794600,12.000000,0.534668,260.776734,0.484878,253.754680
0.794800,12.000000,0.461426,245.436926,0.484832,253.755894
0.795000,12.000000,0.490723,260.776734,0.484785,253.757107
0.795200,12.000000,0.490723,245.436926,0.484739,253.758318
0.795400,12.000000,0.476074,260.776734,0.484693,253.759527
0.795600,12.000000,0.505371,260.776734,0.484646,253.760735
0.795800,12.000000,0.505371,245.436926,0.484600,253.761940
0.796000,12.000000,0.490723,260.776734,0.484554,253.763144
0.796200,12.000000,0.476074,245.436926,0.484508,253.764346
0.796400,12.000000,0.476074,260.776734,0.484462,253.765547
0.796600,12.000000,0.446777,245.436926,0.484416,253.766746
0.796800,12.000000,0.461426,260.776734,0.484370,253.767943
0.797000,12.000000,0.468750,245.436926,0.484325,253.769138
0.797200,12.000000,0.454102,260.776734,0.484279,253.770332
0.797400,12.000000,0.498047,245.436926,0.484233,253.771524
0.797600,12.000000,0.520020,260.776734,0.484188,253.772714
0.797800,12.000000,0.454102,245.436926,0.484142,253.773902
0.798000,12.000000,0.490723,260.776734,0.484097,253.775089
0.798200,12.000000,0.454102,260.776734,0.484051,253.776274
0.798400,12.000000,0.476074,245.436926,0.484006,253.777457
0.798600,12.000000,0.461426,260.776734,0.483961,253.778639
0.798800,12.000000,0.505371,245.436926,0.483915,253.779819
0.799000,12.000000,0.461426,260.776734,0.483870,253.780997
0.799200,12.000000,0.512695,245.436926,0.483825,253.782173
0.799400,12.000000,0.476074,260.776734,0.483780,253.783348
0.799600,12.000000,0.461426,245.436926,0.483735,253.784521
0.799800,12.000000,0.446777,260.776734,0.483690,253.785693
0.800000,12.000000,0.490723,245.436926,0.483646,253.786863
